source,fetched_at,term,url,title,text,author,region,category
Google RSS,2025-10-29T22:02:11.921577,iphone 17 pro,https://news.google.com/rss/articles/CBMingFBVV95cUxNSUx1eHBDOGYzaTlkVjBFMjYtWllIRzlTbzd1LWstVGowWkRHN1lTbG1zY093SDA0djJ6MFNPX215VUx5MG9Lay1pZUZJd2FBREY4eFpCel9rVlBYaEZMbGFwcEFmWExFRmt6WG9lTDZmWWJJc042blRjbEJ1NmlMTFBpaUUxOG1rSVZ1eWpoTkg0LUpneTBzb2llTHdMdw?oc=5,iPhone 17 Pro Takes a Beating From the Oppo Find X9 Pro's Camera - CNET,"<a href=""https://news.google.com/rss/articles/CBMingFBVV95cUxNSUx1eHBDOGYzaTlkVjBFMjYtWllIRzlTbzd1LWstVGowWkRHN1lTbG1zY093SDA0djJ6MFNPX215VUx5MG9Lay1pZUZJd2FBREY4eFpCel9rVlBYaEZMbGFwcEFmWExFRmt6WG9lTDZmWWJJc042blRjbEJ1NmlMTFBpaUUxOG1rSVZ1eWpoTkg0LUpneTBzb2llTHdMdw?oc=5"" target=""_blank"">iPhone 17 Pro Takes a Beating From the Oppo Find X9 Pro's Camera</a>&nbsp;&nbsp;<font color=""#6f6f6f"">CNET</font>",,,
Google RSS,2025-10-29T22:02:11.921577,iphone 17 pro,https://news.google.com/rss/articles/CBMiiwFBVV95cUxQY0dVYUh3Rzl2MXBTN091ZktkRkJyYlY5TW9LemhmTmJFckN0Z3hRQWpRVHEwSGRyWHYxSkhKSVZRQUdoWFZXLTV3WWJsT2tnenFXN1dnZGpoMWI4LTA2MGl5aVd4Y2xONzlrdkNUYVd1cE9BbWRrSkFYX3U1bnBQUWdVNFdZLVRRNU9V?oc=5,iPhone 17 Pro vs iPhone 16 Pro: Here’s everything new - 9to5Mac,"<a href=""https://news.google.com/rss/articles/CBMiiwFBVV95cUxQY0dVYUh3Rzl2MXBTN091ZktkRkJyYlY5TW9LemhmTmJFckN0Z3hRQWpRVHEwSGRyWHYxSkhKSVZRQUdoWFZXLTV3WWJsT2tnenFXN1dnZGpoMWI4LTA2MGl5aVd4Y2xONzlrdkNUYVd1cE9BbWRrSkFYX3U1bnBQUWdVNFdZLVRRNU9V?oc=5"" target=""_blank"">iPhone 17 Pro vs iPhone 16 Pro: Here’s everything new</a>&nbsp;&nbsp;<font color=""#6f6f6f"">9to5Mac</font>",,,
Google RSS,2025-10-29T22:02:11.921577,iphone 17 pro,https://news.google.com/rss/articles/CBMi2gFBVV95cUxNLVFkZXJXUmZTX1FXVmsxLVI4ZGQwRVhJUnk2dUloM1RtdmZaQWVvS2EyMXFIVjdRc05PRUNtT1RrRk94b2l1SWdKN1NFTTJjcGNsbm5feTlQWmhJYUR0dmJyRG1sLUlCdlhtY3c3TlBIZkV5blZRcExQd2g4NDFWRzlmNl8tQ0hFaWJydlQtV20yLWdnNHVrYkVqYWlXTkpKbWhwZTExcXRsS3RFcDRMSDcyNmtrSl9UTmNTVTFSamY1UkJwSUktUzhwNndtQ2JLUEZBYVk2U1JLQdIB3wFBVV95cUxQeFhaUXFHcVJqU25McUpjbl9wSmV1c0VrTnhrR2ZPY1ZTby1VY3VHYkNZQjJDVzNzT2Z3cHFpUnF5YzBiSDBBVDNFYTJEUXVoeTJLejFVTGU0ODFhNXFadHpCTGt1RllBNVJLbmxLSjFWNFpMeV9qNUtORGcwLU5OSFRpdVJJeXRSOE1xYXBoNXgyRU52ZF9RMVh4R1E2d2c5dGp5TWtOelNlSW5pSGttNzMxbERVQjdQV2VIUkMwd2Z2RmZPODZWRS01TkNLaWo4YXZ5ejVEdWU4U0xTSFNV?oc=5,Apple is offering iPhone 17 Pro at a massive discount — Here’s how you can grab the deal - Mint,"<a href=""https://news.google.com/rss/articles/CBMi2gFBVV95cUxNLVFkZXJXUmZTX1FXVmsxLVI4ZGQwRVhJUnk2dUloM1RtdmZaQWVvS2EyMXFIVjdRc05PRUNtT1RrRk94b2l1SWdKN1NFTTJjcGNsbm5feTlQWmhJYUR0dmJyRG1sLUlCdlhtY3c3TlBIZkV5blZRcExQd2g4NDFWRzlmNl8tQ0hFaWJydlQtV20yLWdnNHVrYkVqYWlXTkpKbWhwZTExcXRsS3RFcDRMSDcyNmtrSl9UTmNTVTFSamY1UkJwSUktUzhwNndtQ2JLUEZBYVk2U1JLQdIB3wFBVV95cUxQeFhaUXFHcVJqU25McUpjbl9wSmV1c0VrTnhrR2ZPY1ZTby1VY3VHYkNZQjJDVzNzT2Z3cHFpUnF5YzBiSDBBVDNFYTJEUXVoeTJLejFVTGU0ODFhNXFadHpCTGt1RllBNVJLbmxLSjFWNFpMeV9qNUtORGcwLU5OSFRpdVJJeXRSOE1xYXBoNXgyRU52ZF9RMVh4R1E2d2c5dGp5TWtOelNlSW5pSGttNzMxbERVQjdQV2VIUkMwd2Z2RmZPODZWRS01TkNLaWo4YXZ5ejVEdWU4U0xTSFNV?oc=5"" target=""_blank"">Apple is offering iPhone 17 Pro at a massive discount — Here’s how you can grab the deal</a>&nbsp;&nbsp;<font color=""#6f6f6f"">Mint</font>",,,
Google RSS,2025-10-29T22:02:11.921577,iphone 17 pro,https://news.google.com/rss/articles/CBMicEFVX3lxTE1tMkl1VEFTVGNDdURQcXJpRHc1ZEpBeHktcDdxeElLVjFaNjVacmRra0Z1RUc0X200SnFRSFpfQ2JyM0VkQnJHYUZhTU1ET19OSzhkWFQxR2hVcXhnc0dPaXNwQ1BjVzI4d1Fpb2M4Y2g?oc=5,"The Best iPhone Case for iPhone 17, 17 Plus, 17 Pro, 17 Pro Max, and iPhone Air - The New York Times","<a href=""https://news.google.com/rss/articles/CBMicEFVX3lxTE1tMkl1VEFTVGNDdURQcXJpRHc1ZEpBeHktcDdxeElLVjFaNjVacmRra0Z1RUc0X200SnFRSFpfQ2JyM0VkQnJHYUZhTU1ET19OSzhkWFQxR2hVcXhnc0dPaXNwQ1BjVzI4d1Fpb2M4Y2g?oc=5"" target=""_blank"">The Best iPhone Case for iPhone 17, 17 Plus, 17 Pro, 17 Pro Max, and iPhone Air</a>&nbsp;&nbsp;<font color=""#6f6f6f"">The New York Times</font>",,,
Google RSS,2025-10-29T22:02:11.921577,iphone 17 pro,https://news.google.com/rss/articles/CBMi1gFBVV95cUxQN2k1UmtsYkU4WDlPMHRKYkRpcFVoV2JpMUJHLUpSY2htT29ObnR0SW01dkIwYUV2YkEtYnlEeDJweElFS0J5clZBeWw2TDRYejd4NVRWUVFTeWpyUHFpV1lCWkxFbWI4MTgxckdSWWZfbjlpMGkxODdsLXNuUjNyRzJpdXdhSlh0aWpxU2pHSDRHd2JCQ2NIVS1ia1Npc2dJZW1HcVM3a2F5aWJpUnVFOGoxcWRhX29ueUtacjUwNl92OEk3czVhZlFfUExDbk84Zi1oRWNR?oc=5,What’s Next for iPad Pro? A Vapor Chamber Like the One on the iPhone 17 Pro - Bloomberg.com,"<a href=""https://news.google.com/rss/articles/CBMi1gFBVV95cUxQN2k1UmtsYkU4WDlPMHRKYkRpcFVoV2JpMUJHLUpSY2htT29ObnR0SW01dkIwYUV2YkEtYnlEeDJweElFS0J5clZBeWw2TDRYejd4NVRWUVFTeWpyUHFpV1lCWkxFbWI4MTgxckdSWWZfbjlpMGkxODdsLXNuUjNyRzJpdXdhSlh0aWpxU2pHSDRHd2JCQ2NIVS1ia1Npc2dJZW1HcVM3a2F5aWJpUnVFOGoxcWRhX29ueUtacjUwNl92OEk3czVhZlFfUExDbk84Zi1oRWNR?oc=5"" target=""_blank"">What’s Next for iPad Pro? A Vapor Chamber Like the One on the iPhone 17 Pro</a>&nbsp;&nbsp;<font color=""#6f6f6f"">Bloomberg.com</font>",,,
Google RSS,2025-10-29T22:02:11.921577,iphone 17 pro,https://news.google.com/rss/articles/CBMivwFBVV95cUxNX3oxWHFoVEUwcFFhTmxGeUQxcHQ2VHdELXNlNklqdXl5R1gtU2FRZmpSTmhvQTZraUVRalJsRE1hLUg4WkRYR3ZydTZvV240VnljTk1Ya2xBNGZtekluVWNqNWhhNjNob2kxUllzb3Fmc1paZUhwYm1oeWU4MmVfeDhodS15NEJvU3k3NlNqejRBTVotOThwNmZCcW1RMl9laTE3VHNFbnZ4c0hjWlE5RHFha1otTXJaT0hTXzRpUQ?oc=5,Oppo Find X9 Pro vs iPhone 17 Pro Max camera comparison: Does Apple stand a chance? - PhoneArena,"<a href=""https://news.google.com/rss/articles/CBMivwFBVV95cUxNX3oxWHFoVEUwcFFhTmxGeUQxcHQ2VHdELXNlNklqdXl5R1gtU2FRZmpSTmhvQTZraUVRalJsRE1hLUg4WkRYR3ZydTZvV240VnljTk1Ya2xBNGZtekluVWNqNWhhNjNob2kxUllzb3Fmc1paZUhwYm1oeWU4MmVfeDhodS15NEJvU3k3NlNqejRBTVotOThwNmZCcW1RMl9laTE3VHNFbnZ4c0hjWlE5RHFha1otTXJaT0hTXzRpUQ?oc=5"" target=""_blank"">Oppo Find X9 Pro vs iPhone 17 Pro Max camera comparison: Does Apple stand a chance?</a>&nbsp;&nbsp;<font color=""#6f6f6f"">PhoneArena</font>",,,
Google RSS,2025-10-29T22:02:11.921577,iphone 17 pro,https://news.google.com/rss/articles/CBMirAFBVV95cUxNSW8tNXRYaEl0dzNlU1FCM3JCT2dHSS1MODBHTmJ0SHRHT1owWmNTTEZ6X0hVVk9xb3R6QURocnpOblYza2xpRzhtUTJKeFlLQ2ZQTE50R3ZvcDZJbERSaHlVejdEaVRCeDZzSjZzb0E1WDQwdGRiMkpsZGFqUlB5QmRrR21CY29XTzQwRGdxOFpCcjdNeWZfREtfcW84cjc2dHgyM0xMcWpLWlpU?oc=5,I've been using the iPhone 17 Pro for a month — here's my pros and cons - Tom's Guide,"<a href=""https://news.google.com/rss/articles/CBMirAFBVV95cUxNSW8tNXRYaEl0dzNlU1FCM3JCT2dHSS1MODBHTmJ0SHRHT1owWmNTTEZ6X0hVVk9xb3R6QURocnpOblYza2xpRzhtUTJKeFlLQ2ZQTE50R3ZvcDZJbERSaHlVejdEaVRCeDZzSjZzb0E1WDQwdGRiMkpsZGFqUlB5QmRrR21CY29XTzQwRGdxOFpCcjdNeWZfREtfcW84cjc2dHgyM0xMcWpLWlpU?oc=5"" target=""_blank"">I've been using the iPhone 17 Pro for a month — here's my pros and cons</a>&nbsp;&nbsp;<font color=""#6f6f6f"">Tom's Guide</font>",,,
Google RSS,2025-10-29T22:02:11.921577,iphone 17 pro,https://news.google.com/rss/articles/CBMitwFBVV95cUxNVFBjZFpRQVdpV0RXY3V3ZnBJOFVOWlEwWlN5ZEx2cF96VDE0Y2FjVnNydFNoWlVfNWxBMU15dVBEMmFVRlprcFo3a3dyNkZWbEFRVE1XOHV6REFwSGQ2dEZmenR1YjFyaHVBYmRQcXdoVEpTeXlXVG1MZDlWUmpXRUZMYkpVNzdPenpEV19mTjVXS0V4bVprUVBqUzJqYnljekd5UGRYSEtTd1JiaXRLejh0WVlaeDg?oc=5,iPad Pro rumored to get iPhone 17 Pro vapor chamber cooling in early 2027 - AppleInsider,"<a href=""https://news.google.com/rss/articles/CBMitwFBVV95cUxNVFBjZFpRQVdpV0RXY3V3ZnBJOFVOWlEwWlN5ZEx2cF96VDE0Y2FjVnNydFNoWlVfNWxBMU15dVBEMmFVRlprcFo3a3dyNkZWbEFRVE1XOHV6REFwSGQ2dEZmenR1YjFyaHVBYmRQcXdoVEpTeXlXVG1MZDlWUmpXRUZMYkpVNzdPenpEV19mTjVXS0V4bVprUVBqUzJqYnljekd5UGRYSEtTd1JiaXRLejh0WVlaeDg?oc=5"" target=""_blank"">iPad Pro rumored to get iPhone 17 Pro vapor chamber cooling in early 2027</a>&nbsp;&nbsp;<font color=""#6f6f6f"">AppleInsider</font>",,,
Google RSS,2025-10-29T22:02:11.921577,iphone 17 pro,https://news.google.com/rss/articles/CBMi6gFBVV95cUxNbk9KODFoY3h0Qm14NGRHV3o0bGgyYWRIVi1DRGJUenFmR0pJQXRyM2NtSmtDUHpxc3IzVTcyWVhyakVBSDhPaTFCa3diUkM0YUhWcUZmNjliR2x1VnVwc3RlemFJR1BiV3hfZDhCTFJZc05pWi1CWXNJTEt4SUtPSFdGRXdrZk5XRlRIdmhlTXFyYmEwU0d3YUhlbGhDNUI4X0tuNXNtb1VRZURTOFppYndMWTNSaWNscHh1QXdWRXBCUDUyVXVaZXpHT3N5eTJiQ1lsYU9NZU5tSHZ4a25DbXA5SFRuUkxpY1HSAe8BQVVfeXFMTjFjY0xJb25ROUhPcWIzQXBDSjV0eGtxdmtOMjVnbFo5Mm1oWmE4Vm45MGM0azBzOUVVb0RWOS1HUjJpRnZVd1VjcXd6MnQ5Y3FLelBFVG9aUFJIWDk4V2wwY29vRFFocHlCNGNQbUxTWTJRNXdRcjVUOV9yLXJSRHNwaldPQU1pS2s4YkxjTWRUQm9XSDlsNXZEUk9GRjZKTzFnVXFpVUJrUDdTOTRGcjFINGo1dUcwNmxreVpuaG1GbTc1aGtWd05JSTdmV1RTRnA2Zl9NWF9vLU83YTRtd2tvaXVBaG1aMDlhbk5zbms?oc=5,"Rohit Sharma, Virat Kohli still using older iPhones; netizens question iPhone 17 Pro Max hype | Hindustan Times - Hindustan Times","<a href=""https://news.google.com/rss/articles/CBMi6gFBVV95cUxNbk9KODFoY3h0Qm14NGRHV3o0bGgyYWRIVi1DRGJUenFmR0pJQXRyM2NtSmtDUHpxc3IzVTcyWVhyakVBSDhPaTFCa3diUkM0YUhWcUZmNjliR2x1VnVwc3RlemFJR1BiV3hfZDhCTFJZc05pWi1CWXNJTEt4SUtPSFdGRXdrZk5XRlRIdmhlTXFyYmEwU0d3YUhlbGhDNUI4X0tuNXNtb1VRZURTOFppYndMWTNSaWNscHh1QXdWRXBCUDUyVXVaZXpHT3N5eTJiQ1lsYU9NZU5tSHZ4a25DbXA5SFRuUkxpY1HSAe8BQVVfeXFMTjFjY0xJb25ROUhPcWIzQXBDSjV0eGtxdmtOMjVnbFo5Mm1oWmE4Vm45MGM0azBzOUVVb0RWOS1HUjJpRnZVd1VjcXd6MnQ5Y3FLelBFVG9aUFJIWDk4V2wwY29vRFFocHlCNGNQbUxTWTJRNXdRcjVUOV9yLXJSRHNwaldPQU1pS2s4YkxjTWRUQm9XSDlsNXZEUk9GRjZKTzFnVXFpVUJrUDdTOTRGcjFINGo1dUcwNmxreVpuaG1GbTc1aGtWd05JSTdmV1RTRnA2Zl9NWF9vLU83YTRtd2tvaXVBaG1aMDlhbk5zbms?oc=5"" target=""_blank"">Rohit Sharma, Virat Kohli still using older iPhones; netizens question iPhone 17 Pro Max hype | Hindustan Times</a>&nbsp;&nbsp;<font color=""#6f6f6f"">Hindustan Times</font>",,,
Google RSS,2025-10-29T22:02:11.921577,iphone 17 pro,https://news.google.com/rss/articles/CBMinwFBVV95cUxNWF90T00tSThvSGxzQnpUdDR6S2xJMzZWTWk4UUJxMW8zdkJkNFVXR0FKNjdfYzFYanloamxoTG5PN0xVQldMaDBoUmkzdjhtM2ItTVl0dnlpYzlDMTVlQVhhNTFuSUN2S2F0cHB4ajhiTGRzb0RrSi16T0hnd2pkcWkzQVZGbi14LTFEWjJ0YmxnSTdVaXpIUDJHQXZWcWc?oc=5,Sandmarc’s New $270 Telephoto Lens Doubles the iPhone 17 Pro’s Zoom - PetaPixel,"<a href=""https://news.google.com/rss/articles/CBMinwFBVV95cUxNWF90T00tSThvSGxzQnpUdDR6S2xJMzZWTWk4UUJxMW8zdkJkNFVXR0FKNjdfYzFYanloamxoTG5PN0xVQldMaDBoUmkzdjhtM2ItTVl0dnlpYzlDMTVlQVhhNTFuSUN2S2F0cHB4ajhiTGRzb0RrSi16T0hnd2pkcWkzQVZGbi14LTFEWjJ0YmxnSTdVaXpIUDJHQXZWcWc?oc=5"" target=""_blank"">Sandmarc’s New $270 Telephoto Lens Doubles the iPhone 17 Pro’s Zoom</a>&nbsp;&nbsp;<font color=""#6f6f6f"">PetaPixel</font>",,,
Google RSS,2025-10-29T22:02:11.921577,iphone 17 pro,https://news.google.com/rss/articles/CBMigAFBVV95cUxOaEJ1ZXRlNWVidHVWVnNvNVoyN1l3ak1CdmpOZUNtWTFtS3VMS0RVbUc5aUQ2LXdPTlpfZllZMlg5eGNQVEVNb1l4enJVLXozLWFhU3JlX3lyWjlqMHFLTDV6T1hoeXc3ZEo2SUU1cEZ0emNpbmVqaG1TbzRkZWZnOQ?oc=5,One Month Later: The iPhone 17 Pro Strikes Back - Video - CNET,"<a href=""https://news.google.com/rss/articles/CBMigAFBVV95cUxOaEJ1ZXRlNWVidHVWVnNvNVoyN1l3ak1CdmpOZUNtWTFtS3VMS0RVbUc5aUQ2LXdPTlpfZllZMlg5eGNQVEVNb1l4enJVLXozLWFhU3JlX3lyWjlqMHFLTDV6T1hoeXc3ZEo2SUU1cEZ0emNpbmVqaG1TbzRkZWZnOQ?oc=5"" target=""_blank"">One Month Later: The iPhone 17 Pro Strikes Back - Video</a>&nbsp;&nbsp;<font color=""#6f6f6f"">CNET</font>",,,
Google RSS,2025-10-29T22:02:11.921577,iphone 17 pro,https://news.google.com/rss/articles/CBMimAFBVV95cUxNQ1RtSUVEWjByVGlrMVdBZFh6QXgwYy1nNVJDRVRwRmFJa1h0M0NLelBNLVBSTWlWLTRIOE5KZnd1YWVGSm5vS0h5N082T2gzZHpWTTJicG5XTDRWbElYejFGLXVsa0M5RG5IcEtsTUs4ZTZSWkxqMGdHWFVuNzdLaUVYYXNibnVCYkd5d0FqSmhiNnV5eHV3NQ?oc=5,2027's M6-powered iPad Pro will be a real cool tablet thanks to this new iPhone 17 Pro feature - PhoneArena,"<a href=""https://news.google.com/rss/articles/CBMimAFBVV95cUxNQ1RtSUVEWjByVGlrMVdBZFh6QXgwYy1nNVJDRVRwRmFJa1h0M0NLelBNLVBSTWlWLTRIOE5KZnd1YWVGSm5vS0h5N082T2gzZHpWTTJicG5XTDRWbElYejFGLXVsa0M5RG5IcEtsTUs4ZTZSWkxqMGdHWFVuNzdLaUVYYXNibnVCYkd5d0FqSmhiNnV5eHV3NQ?oc=5"" target=""_blank"">2027's M6-powered iPad Pro will be a real cool tablet thanks to this new iPhone 17 Pro feature</a>&nbsp;&nbsp;<font color=""#6f6f6f"">PhoneArena</font>",,,
Google RSS,2025-10-29T22:02:11.921577,iphone 17 pro,https://news.google.com/rss/articles/CBMicEFVX3lxTE5pQVQwTVh3RFpnWEk5SEJKcjhqM3lQUWhtT0x1TXZpZEhHTWV4akw2VVJHTVRoVEFVS0ZSbEtYeXV1WE9McHl3bE5DOGlmalhUbnlIZFNSYU5RREZnTUhoQ1JxZkZXek1zQWRyd05ueHE?oc=5,Score a free iPhone 17 Pro when you trade in your old phone with T-Mobile - Mashable,"<a href=""https://news.google.com/rss/articles/CBMicEFVX3lxTE5pQVQwTVh3RFpnWEk5SEJKcjhqM3lQUWhtT0x1TXZpZEhHTWV4akw2VVJHTVRoVEFVS0ZSbEtYeXV1WE9McHl3bE5DOGlmalhUbnlIZFNSYU5RREZnTUhoQ1JxZkZXek1zQWRyd05ueHE?oc=5"" target=""_blank"">Score a free iPhone 17 Pro when you trade in your old phone with T-Mobile</a>&nbsp;&nbsp;<font color=""#6f6f6f"">Mashable</font>",,,
Google RSS,2025-10-29T22:02:11.921577,iphone 17 pro,https://news.google.com/rss/articles/CBMitgFBVV95cUxQM1dhS0ZnNkNCOUVZMTlYVW9IY3NNQkRlY2plQVltLUVudjM4MVJmR0J4RkxlNzVLaUZpOGNVbmpVNWpEamkwTDdibzRlZUxfdnhnYVE1N2VwUVFQV1RlSmJwYzhHS0l4S25hY1lMTlp2Y3k2UXVHcF9Od3ZOeWRvdjVQRF9FY2N6UHUtamtfM0pudTdXTzBjVWVBM3JkcWRwa0h4WUJuRm12ZGhTbkdqdE44ek5pUQ?oc=5,UAG Monarch Pro Kevlar iPhone 17 Pro Max Case review – think of it as insurance - The Gadgeteer,"<a href=""https://news.google.com/rss/articles/CBMitgFBVV95cUxQM1dhS0ZnNkNCOUVZMTlYVW9IY3NNQkRlY2plQVltLUVudjM4MVJmR0J4RkxlNzVLaUZpOGNVbmpVNWpEamkwTDdibzRlZUxfdnhnYVE1N2VwUVFQV1RlSmJwYzhHS0l4S25hY1lMTlp2Y3k2UXVHcF9Od3ZOeWRvdjVQRF9FY2N6UHUtamtfM0pudTdXTzBjVWVBM3JkcWRwa0h4WUJuRm12ZGhTbkdqdE44ek5pUQ?oc=5"" target=""_blank"">UAG Monarch Pro Kevlar iPhone 17 Pro Max Case review – think of it as insurance</a>&nbsp;&nbsp;<font color=""#6f6f6f"">The Gadgeteer</font>",,,
Google RSS,2025-10-29T22:02:11.921577,iphone 17 pro,https://news.google.com/rss/articles/CBMitAFBVV95cUxQb1lHSnU4LTJWd0E0UmlBazF0S2FmS3p4Q0MzS05fVTFvSDdPRFN0T1BWZmE1ZndKTDNQdDZ1bGw0SzNvSThieWN1SGE1dnRCb19pWkwwaC02SURWeXdhcmNhYzFCazhjbTV6VkFkLU05cmVaYVZvRWY5R01xSjhNUms2LXBDZUhES1UtWmc1c1pGaGR4dm9pUjVpcnhrVzlYNzRZY20tV3g0bjlxMHZYUUlaT0o?oc=5,15 New Apple iPhone 17 And iPhone 17 Pro Cases To Protect Your Phone - Forbes,"<a href=""https://news.google.com/rss/articles/CBMitAFBVV95cUxQb1lHSnU4LTJWd0E0UmlBazF0S2FmS3p4Q0MzS05fVTFvSDdPRFN0T1BWZmE1ZndKTDNQdDZ1bGw0SzNvSThieWN1SGE1dnRCb19pWkwwaC02SURWeXdhcmNhYzFCazhjbTV6VkFkLU05cmVaYVZvRWY5R01xSjhNUms2LXBDZUhES1UtWmc1c1pGaGR4dm9pUjVpcnhrVzlYNzRZY20tV3g0bjlxMHZYUUlaT0o?oc=5"" target=""_blank"">15 New Apple iPhone 17 And iPhone 17 Pro Cases To Protect Your Phone</a>&nbsp;&nbsp;<font color=""#6f6f6f"">Forbes</font>",,,
Google RSS,2025-10-29T22:02:11.921577,iphone 17 pro,https://news.google.com/rss/articles/CBMimgFBVV95cUxONTh2TDhHTWdWSkE3NXItakdzSU5qVjZKWEczbDdiOVBUZkFrQ2FqdzVWYWoxbllTRkNjX29aTW1ER1NFVHA4UTlvc1VhTVJhWjA3Y1dXal9mUDA3UGg0TEFDZHNUVjRBZkVoZE9SZ2ROSHB1V1dMcC1BcHdwSXJ3QVBYRkJIaV81U1RTZXJRMElaX0V5NE1EN3lB?oc=5,Oppo Find X9 Pro Tops iPhone 17 Pro in Camera and Battery Showdown - WebProNews,"<a href=""https://news.google.com/rss/articles/CBMimgFBVV95cUxONTh2TDhHTWdWSkE3NXItakdzSU5qVjZKWEczbDdiOVBUZkFrQ2FqdzVWYWoxbllTRkNjX29aTW1ER1NFVHA4UTlvc1VhTVJhWjA3Y1dXal9mUDA3UGg0TEFDZHNUVjRBZkVoZE9SZ2ROSHB1V1dMcC1BcHdwSXJ3QVBYRkJIaV81U1RTZXJRMElaX0V5NE1EN3lB?oc=5"" target=""_blank"">Oppo Find X9 Pro Tops iPhone 17 Pro in Camera and Battery Showdown</a>&nbsp;&nbsp;<font color=""#6f6f6f"">WebProNews</font>",,,
Google RSS,2025-10-29T22:02:11.921577,iphone 17 pro,https://news.google.com/rss/articles/CBMirAFBVV95cUxPRlNoMmJ3eHNDb0xsWE1Pb1huX3ZaSjVGYjZTMVJKY1R2UkQzNWZwS3pTNlVOaUZnVkcteFAtcWQxVjhqQVQtY1BRZURXUmp4Y2EzZFkwUGJQVUNJVjA5TmZ4OHU5MTdRaUhmNmRZeG5qVmxQWkdPdG1neFJSZXcwQkZERnJtVmdkM1pPSXE1NVhnVURYdjBtLTdmaFBZdlA3aVBaV1lRYlE5NEx3?oc=5,T-Mobile is still giving away the iPhone 17 Pro for free - here's how to qualify - ZDNET,"<a href=""https://news.google.com/rss/articles/CBMirAFBVV95cUxPRlNoMmJ3eHNDb0xsWE1Pb1huX3ZaSjVGYjZTMVJKY1R2UkQzNWZwS3pTNlVOaUZnVkcteFAtcWQxVjhqQVQtY1BRZURXUmp4Y2EzZFkwUGJQVUNJVjA5TmZ4OHU5MTdRaUhmNmRZeG5qVmxQWkdPdG1neFJSZXcwQkZERnJtVmdkM1pPSXE1NVhnVURYdjBtLTdmaFBZdlA3aVBaV1lRYlE5NEx3?oc=5"" target=""_blank"">T-Mobile is still giving away the iPhone 17 Pro for free - here's how to qualify</a>&nbsp;&nbsp;<font color=""#6f6f6f"">ZDNET</font>",,,
Google RSS,2025-10-29T22:02:11.921577,iphone 17 pro,https://news.google.com/rss/articles/CBMiwwFBVV95cUxPQ3N4cVEtZVRMM1F0VFB3M3ZRUW1YeUtOWXVXaERhbDJfSmhtN2owZGgzVFRtR1NocUNHVEFJN1JyUXB4aGU1UnN4alZkcE5SY2t3aTBwbEFSRlJrYnVVN1JkS1dzWDZVTXVTWmRiY1dUeThxYzFRSkgtdGlmY2lQZEk2WGtJTFRySElxbGJHdGgwMzRQbGtYYm5IUDBCV1k4a01LbjN0RlNEc1FzSzdUZ0taQ1YyOTUtWHlNZDRETGZ4Yk0?oc=5,I found the perfect case for my Cosmic Orange iPhone 17 Pro and it only cost $16 - Macworld,"<a href=""https://news.google.com/rss/articles/CBMiwwFBVV95cUxPQ3N4cVEtZVRMM1F0VFB3M3ZRUW1YeUtOWXVXaERhbDJfSmhtN2owZGgzVFRtR1NocUNHVEFJN1JyUXB4aGU1UnN4alZkcE5SY2t3aTBwbEFSRlJrYnVVN1JkS1dzWDZVTXVTWmRiY1dUeThxYzFRSkgtdGlmY2lQZEk2WGtJTFRySElxbGJHdGgwMzRQbGtYYm5IUDBCV1k4a01LbjN0RlNEc1FzSzdUZ0taQ1YyOTUtWHlNZDRETGZ4Yk0?oc=5"" target=""_blank"">I found the perfect case for my Cosmic Orange iPhone 17 Pro and it only cost $16</a>&nbsp;&nbsp;<font color=""#6f6f6f"">Macworld</font>",,,
Google RSS,2025-10-29T22:02:11.921577,iphone 17 pro,https://news.google.com/rss/articles/CBMiigFBVV95cUxQejZaODY1MTV3VjktdEQ4QkRMOF84NDNUNVcwLW1oTEJLZ1lodmsyT2JZeGpydFFCbFJHTTZMTzVxU2hsMlNhVEI2WGJySWVycnoyR3liZ2lIQVpjSEdUSU5mczA0aFI2X01FNTB5b1k4OFRCVldST1VEWGozX3Rjdklza2lfMmxVLVHSAZcBQVVfeXFMTklaTlhUWW84eS1FNS1FT0VpbnJWdjRCQmM3MnZYQzJSMHBQazZ6RGpRZm1oQzBHMzlnc2hjY1VxN0NxaVItNm9YLVZmYW1TVl9qLXBVbHQzMHlydk1HVnZPWVZQa0lHU21XeHRGUGNFT1JqVjQydThOX2hUbnd0a01jc3J5c3Y2TEZ0ZjZxSlNqSERCYnB6Yw?oc=5,"Apple iPhone 17 Pro Available at ₹70,155 on Amazon; Here’s How the Trade-In Deal Works - The Bridge Chronicle","<a href=""https://news.google.com/rss/articles/CBMiigFBVV95cUxQejZaODY1MTV3VjktdEQ4QkRMOF84NDNUNVcwLW1oTEJLZ1lodmsyT2JZeGpydFFCbFJHTTZMTzVxU2hsMlNhVEI2WGJySWVycnoyR3liZ2lIQVpjSEdUSU5mczA0aFI2X01FNTB5b1k4OFRCVldST1VEWGozX3Rjdklza2lfMmxVLVHSAZcBQVVfeXFMTklaTlhUWW84eS1FNS1FT0VpbnJWdjRCQmM3MnZYQzJSMHBQazZ6RGpRZm1oQzBHMzlnc2hjY1VxN0NxaVItNm9YLVZmYW1TVl9qLXBVbHQzMHlydk1HVnZPWVZQa0lHU21XeHRGUGNFT1JqVjQydThOX2hUbnd0a01jc3J5c3Y2TEZ0ZjZxSlNqSERCYnB6Yw?oc=5"" target=""_blank"">Apple iPhone 17 Pro Available at ₹70,155 on Amazon; Here’s How the Trade-In Deal Works</a>&nbsp;&nbsp;<font color=""#6f6f6f"">The Bridge Chronicle</font>",,,
Google RSS,2025-10-29T22:02:11.921577,iphone 17 pro,https://news.google.com/rss/articles/CBMimwFBVV95cUxNVV9KOWZMeXAxUFFPT21TY0RRSmN5elhjRkZiWXY5VmNSYjg1cV8zaFZ4bHpNNXFaOHdGa2UteW40c1J1Zl9PQ3B4RnoyYXNROV9TajNRcWtYYWxBR29ZU1hPZjdfUEFQUHhVcW13RkYtTktUNkh2QVd6dmNIWjBiNmRpeDJfX1hnVGhaMkdBRkZvQ2JTWHhKMjhDdw?oc=5,The iPhone 17 Is the True Star of Apple's New Phone Lineup - Consumer Reports,"<a href=""https://news.google.com/rss/articles/CBMimwFBVV95cUxNVV9KOWZMeXAxUFFPT21TY0RRSmN5elhjRkZiWXY5VmNSYjg1cV8zaFZ4bHpNNXFaOHdGa2UteW40c1J1Zl9PQ3B4RnoyYXNROV9TajNRcWtYYWxBR29ZU1hPZjdfUEFQUHhVcW13RkYtTktUNkh2QVd6dmNIWjBiNmRpeDJfX1hnVGhaMkdBRkZvQ2JTWHhKMjhDdw?oc=5"" target=""_blank"">The iPhone 17 Is the True Star of Apple's New Phone Lineup</a>&nbsp;&nbsp;<font color=""#6f6f6f"">Consumer Reports</font>",,,
Google RSS,2025-10-29T22:02:11.921577,iphone 17 pro,https://news.google.com/rss/articles/CBMiuwFBVV95cUxPSGZ6U2JsTEV0T1hNUmR2SHp2UW02b3h1Zkx2ZDZtTmFpWmxUSU1WVnhoNElLUG9rUHZ6SXNQVFRjcmdRa3N4LXdGY0dUckd2QWtXSlo2T21uRGNJWDdXXzlJTHphQUJQTkVGeERqR09kaVg4a2xSSl8zOXlseEZGTENRZE1tRVZCRDJncDViYjlrc2lMeGU1MkpjZTBJampEbEI0WURZRW5PY1cwY3c3U2hZMldMR2ctUFdB?oc=5,Setting new battery life records - Apple iPhone 17 Pro Max smartphone review - Notebookcheck,"<a href=""https://news.google.com/rss/articles/CBMiuwFBVV95cUxPSGZ6U2JsTEV0T1hNUmR2SHp2UW02b3h1Zkx2ZDZtTmFpWmxUSU1WVnhoNElLUG9rUHZ6SXNQVFRjcmdRa3N4LXdGY0dUckd2QWtXSlo2T21uRGNJWDdXXzlJTHphQUJQTkVGeERqR09kaVg4a2xSSl8zOXlseEZGTENRZE1tRVZCRDJncDViYjlrc2lMeGU1MkpjZTBJampEbEI0WURZRW5PY1cwY3c3U2hZMldMR2ctUFdB?oc=5"" target=""_blank"">Setting new battery life records - Apple iPhone 17 Pro Max smartphone review</a>&nbsp;&nbsp;<font color=""#6f6f6f"">Notebookcheck</font>",,,
Google RSS,2025-10-29T22:02:11.921577,iphone 17 pro,https://news.google.com/rss/articles/CBMieEFVX3lxTFBibmtza0stSlFNZTVRMVpmWXh0THhYZU9WeTJ3eC0xUHRhUU8yY2lFWnRoUWkyTE9IbnlXMHRNWmx4WjBXQW1OMzdlY241aC1rRzJaMHdsVkhzckdMYThMVzhuY0ZvNDRzNW5QeTk1TE53SjFlX1R1dg?oc=5,iPhone 17 Is a Big Win for Apple - Yahoo Finance,"<a href=""https://news.google.com/rss/articles/CBMieEFVX3lxTFBibmtza0stSlFNZTVRMVpmWXh0THhYZU9WeTJ3eC0xUHRhUU8yY2lFWnRoUWkyTE9IbnlXMHRNWmx4WjBXQW1OMzdlY241aC1rRzJaMHdsVkhzckdMYThMVzhuY0ZvNDRzNW5QeTk1TE53SjFlX1R1dg?oc=5"" target=""_blank"">iPhone 17 Is a Big Win for Apple</a>&nbsp;&nbsp;<font color=""#6f6f6f"">Yahoo Finance</font>",,,
Google RSS,2025-10-29T22:02:11.921577,iphone 17 pro,https://news.google.com/rss/articles/CBMib0FVX3lxTE9fVkZzdUx1LTlRUWNtdkpxZWs1Z1RiVHhkM2FobFVCeUdQVVlHRjlrVV85cUFOTi1oOHN1cDZDV19FcEFhSG56cGRkU004S0FnbFpoLS0yM2ItcE5DLURkaDRKeGdqelZrc09JQjJyZw?oc=5,Review: The iPhone 17 Pro Max is bananas — in the best way possible - Ynetnews,"<a href=""https://news.google.com/rss/articles/CBMib0FVX3lxTE9fVkZzdUx1LTlRUWNtdkpxZWs1Z1RiVHhkM2FobFVCeUdQVVlHRjlrVV85cUFOTi1oOHN1cDZDV19FcEFhSG56cGRkU004S0FnbFpoLS0yM2ItcE5DLURkaDRKeGdqelZrc09JQjJyZw?oc=5"" target=""_blank"">Review: The iPhone 17 Pro Max is bananas — in the best way possible</a>&nbsp;&nbsp;<font color=""#6f6f6f"">Ynetnews</font>",,,
Google RSS,2025-10-29T22:02:11.921577,iphone 17 pro,https://news.google.com/rss/articles/CBMiiAFBVV95cUxQdjB0d01mU29NNW4wbnV3Qk5FTFFmRTR4bUotVVQ5OGJLMTg5VGNyOC1UYjhBTlJmRmN3QlZXWjNKeEpIWS1jTmp4azd0WDNha3ItdlRORFgzcEV6LWhEcUNfT3N6ODQ4OWo5d25RVU5lcl9EcVNVOWRheDlnTnRnMmtNdElpRmdZ?oc=5,T-Mobile Is Giving You the New iPhone 17 Pro for Free - CNET,"<a href=""https://news.google.com/rss/articles/CBMiiAFBVV95cUxQdjB0d01mU29NNW4wbnV3Qk5FTFFmRTR4bUotVVQ5OGJLMTg5VGNyOC1UYjhBTlJmRmN3QlZXWjNKeEpIWS1jTmp4azd0WDNha3ItdlRORFgzcEV6LWhEcUNfT3N6ODQ4OWo5d25RVU5lcl9EcVNVOWRheDlnTnRnMmtNdElpRmdZ?oc=5"" target=""_blank"">T-Mobile Is Giving You the New iPhone 17 Pro for Free</a>&nbsp;&nbsp;<font color=""#6f6f6f"">CNET</font>",,,
Google RSS,2025-10-29T22:02:11.921577,iphone 17 pro,https://news.google.com/rss/articles/CBMirgFBVV95cUxQT2hxMC13cnNGZWlna0Itc1N2aXp2aUZMVlVLTHloVzBZVzlFbWtULWRSVGk1czByVWVqenhvY09FekE3VFNXak1UeEQycmhtM3BpbGphcDFYUnpBSG5Cekl4dVBuaHFmX3NRakhWVEFkVGlFcHdrN0dGYUh3WnROMzUzY29MVDI0RGRTbklPMTQtNnlHRzZpOFBjSlh4ZmF4UldITmNUbXZoYlBWTGc?oc=5,Score a free iPhone 17 Pro when you trade in your old phone with T-Mobile - Mashable SEA,"<a href=""https://news.google.com/rss/articles/CBMirgFBVV95cUxQT2hxMC13cnNGZWlna0Itc1N2aXp2aUZMVlVLTHloVzBZVzlFbWtULWRSVGk1czByVWVqenhvY09FekE3VFNXak1UeEQycmhtM3BpbGphcDFYUnpBSG5Cekl4dVBuaHFmX3NRakhWVEFkVGlFcHdrN0dGYUh3WnROMzUzY29MVDI0RGRTbklPMTQtNnlHRzZpOFBjSlh4ZmF4UldITmNUbXZoYlBWTGc?oc=5"" target=""_blank"">Score a free iPhone 17 Pro when you trade in your old phone with T-Mobile</a>&nbsp;&nbsp;<font color=""#6f6f6f"">Mashable SEA</font>",,,
Google RSS,2025-10-29T22:02:11.921577,iphone 17 pro,https://news.google.com/rss/articles/CBMifkFVX3lxTE5XR2NueHYwQzdxaFlSMDVUZTdfWmU1YUVNM2RjNkdYWmhGVDBGajBrNnNFS1FsUjdNQl9pSmVuNWw2VmVpbjZISWNrbWJSLUlsTFZOY3JLSVhReWwzVE03bmozYVN5MndMREptWC03ZmZGdlFsanFRQXFLbTRTdw?oc=5,OnePlus 15 vs iPhone 17 Pro Max: Expected differences - PhoneArena,"<a href=""https://news.google.com/rss/articles/CBMifkFVX3lxTE5XR2NueHYwQzdxaFlSMDVUZTdfWmU1YUVNM2RjNkdYWmhGVDBGajBrNnNFS1FsUjdNQl9pSmVuNWw2VmVpbjZISWNrbWJSLUlsTFZOY3JLSVhReWwzVE03bmozYVN5MndMREptWC03ZmZGdlFsanFRQXFLbTRTdw?oc=5"" target=""_blank"">OnePlus 15 vs iPhone 17 Pro Max: Expected differences</a>&nbsp;&nbsp;<font color=""#6f6f6f"">PhoneArena</font>",,,
Google RSS,2025-10-29T22:02:11.921577,iphone 17 pro,https://news.google.com/rss/articles/CBMipgFBVV95cUxQakdRVVZuRFIwbHFzejJoczk0Y3hfUnMzei05SVJsVGY4Ty1tN2hNcnNSamNvTnYwRWxnOTY1TFJYcWtQR2NDOW5vOXJsSE51LW9kRWRPNFowMVZCT0RYcmhJN2czNndwZ0dpTEc3M2xWODc4TXlSRm01ZnZOM2lfVzBTV21nZk5hcTdLQXY2RWNwSk40aWNxME1pMW01bnRBSFlXaTdn?oc=5,Which 2025 iPhone Has the Best Battery? I've Crowned a New Power Winner - CNET,"<a href=""https://news.google.com/rss/articles/CBMipgFBVV95cUxQakdRVVZuRFIwbHFzejJoczk0Y3hfUnMzei05SVJsVGY4Ty1tN2hNcnNSamNvTnYwRWxnOTY1TFJYcWtQR2NDOW5vOXJsSE51LW9kRWRPNFowMVZCT0RYcmhJN2czNndwZ0dpTEc3M2xWODc4TXlSRm01ZnZOM2lfVzBTV21nZk5hcTdLQXY2RWNwSk40aWNxME1pMW01bnRBSFlXaTdn?oc=5"" target=""_blank"">Which 2025 iPhone Has the Best Battery? I've Crowned a New Power Winner</a>&nbsp;&nbsp;<font color=""#6f6f6f"">CNET</font>",,,
Google RSS,2025-10-29T22:02:11.921577,iphone 17 pro,https://news.google.com/rss/articles/CBMiigFBVV95cUxPZXNhQ2lEQmNqNEw3d3gxSmYtUGJEU1F3M0p6VVZ0NjV3Qm5BR0xBYlBVd1VPcy1UMjZqd2hIekN5MVFYWHFjWThCT3RqOW5mS1hFcGVjamwzY09Rdk83cFhPRWo4b0xfRHBJcnB3TEJlem9ZWTJzNFF1NVFzb3dKOW8wQzRSSkNwM2c?oc=5,I put the iPhone 17 Pro Max vs Pixel 10 Pro XL through a 7-round face-off — here’s the winner - Tom's Guide,"<a href=""https://news.google.com/rss/articles/CBMiigFBVV95cUxPZXNhQ2lEQmNqNEw3d3gxSmYtUGJEU1F3M0p6VVZ0NjV3Qm5BR0xBYlBVd1VPcy1UMjZqd2hIekN5MVFYWHFjWThCT3RqOW5mS1hFcGVjamwzY09Rdk83cFhPRWo4b0xfRHBJcnB3TEJlem9ZWTJzNFF1NVFzb3dKOW8wQzRSSkNwM2c?oc=5"" target=""_blank"">I put the iPhone 17 Pro Max vs Pixel 10 Pro XL through a 7-round face-off — here’s the winner</a>&nbsp;&nbsp;<font color=""#6f6f6f"">Tom's Guide</font>",,,
Google RSS,2025-10-29T22:02:11.921577,iphone 17 pro,https://news.google.com/rss/articles/CBMiogFBVV95cUxOVmhNZG94VGozNVl5VDRSVE1mcVF6OTgtUW80M1R3M1hLMDZBOVlSQjJqQlhnRjdWT0VCVmRaYnh1RThDRi1BcVJKMTE1MmJiSGVtTXhqeXdjcDNzaVdYTDRLM3lDeGxQTEh0cmJFR0xBRDVUZkdIRjVvTTYyRnVCVU1pWDRjX01vS3czMGpwWEtrUUhubWpacUNOSnpkd2RDWlE?oc=5,Vivo X300 Pro vs iPhone 17 Pro Max: photo samples comparison - PhoneArena,"<a href=""https://news.google.com/rss/articles/CBMiogFBVV95cUxOVmhNZG94VGozNVl5VDRSVE1mcVF6OTgtUW80M1R3M1hLMDZBOVlSQjJqQlhnRjdWT0VCVmRaYnh1RThDRi1BcVJKMTE1MmJiSGVtTXhqeXdjcDNzaVdYTDRLM3lDeGxQTEh0cmJFR0xBRDVUZkdIRjVvTTYyRnVCVU1pWDRjX01vS3czMGpwWEtrUUhubWpacUNOSnpkd2RDWlE?oc=5"" target=""_blank"">Vivo X300 Pro vs iPhone 17 Pro Max: photo samples comparison</a>&nbsp;&nbsp;<font color=""#6f6f6f"">PhoneArena</font>",,,
Google RSS,2025-10-29T22:02:11.921577,iphone 17 pro,https://news.google.com/rss/articles/CBMinAFBVV95cUxQcVZTNnJEdjBac1A0aXNXOVRpR2U1bnJDUVRZTnc1WnBIb3pnUjNGSEVjQW1jM2xtcGk0S3hmT1J1ZGsyUEtZYVpCOS1HeVNxMG9SRzV2b2I5cHIyNDNKVXdBc3J0YlFtOVkzRlNWNzhZUXluQ0tpcy1jbElsdi11WXFGSGhIOFFONEVhZnNVRjJ0WE5nSURCXzBsbE4?oc=5,Our Resident Apple Expert Swears By These iPhone 17 Pro and Pro Max Cases - Popular Mechanics,"<a href=""https://news.google.com/rss/articles/CBMinAFBVV95cUxQcVZTNnJEdjBac1A0aXNXOVRpR2U1bnJDUVRZTnc1WnBIb3pnUjNGSEVjQW1jM2xtcGk0S3hmT1J1ZGsyUEtZYVpCOS1HeVNxMG9SRzV2b2I5cHIyNDNKVXdBc3J0YlFtOVkzRlNWNzhZUXluQ0tpcy1jbElsdi11WXFGSGhIOFFONEVhZnNVRjJ0WE5nSURCXzBsbE4?oc=5"" target=""_blank"">Our Resident Apple Expert Swears By These iPhone 17 Pro and Pro Max Cases</a>&nbsp;&nbsp;<font color=""#6f6f6f"">Popular Mechanics</font>",,,
Google RSS,2025-10-29T22:02:11.921577,iphone 17 pro,https://news.google.com/rss/articles/CBMijgFBVV95cUxNX0JRMTdJMnpSdVRwNFozTkxtQ1U0N2hkM3dDQk9HbDRld3A0RnFzQkNXYzV1S0E3NXVnU2J1SXYyM183X3FfeUF0cVNjVGR2OUYyUzFPRDIzUE9fOUNIdFlKa3NnZTRlT0R2THVWVENBSGt0MlZGZThkZXRKcWNCM0pkVXFkVlJjVlJzemlB?oc=5,Two affordable iPhone 17 Pro accessories worth trying - 9to5Mac,"<a href=""https://news.google.com/rss/articles/CBMijgFBVV95cUxNX0JRMTdJMnpSdVRwNFozTkxtQ1U0N2hkM3dDQk9HbDRld3A0RnFzQkNXYzV1S0E3NXVnU2J1SXYyM183X3FfeUF0cVNjVGR2OUYyUzFPRDIzUE9fOUNIdFlKa3NnZTRlT0R2THVWVENBSGt0MlZGZThkZXRKcWNCM0pkVXFkVlJjVlJzemlB?oc=5"" target=""_blank"">Two affordable iPhone 17 Pro accessories worth trying</a>&nbsp;&nbsp;<font color=""#6f6f6f"">9to5Mac</font>",,,
Google RSS,2025-10-29T22:02:11.921577,iphone 17 pro,https://news.google.com/rss/articles/CBMi2AFBVV95cUxPQ2x1LVNTNEQxVU9mT0x6b3JxV3dKQnZGOXdISnIzWGhLa3FwZkdWekY0bFhtWE9WX2x5SHhIRWpScGVNTFowTTBCNjd2bVJrLVJxTVFjdGxOTWdEUjFjbzN4N2RrMEZSQm8wOWZMZWZ6VmRUM1BQNmRMVWVOWWk0c25mZThGZFdNUHF2TGxQMTZ2MG84dFpMUGdSR1Z4ZzhBMjRkTF93aGZ1THZEbzdfWXdlRzY5ZVMwbktMc1MyY1J5RWpsOXo0VkcyelRQY0pha05xRUpJTXM?oc=5,"Apple iPhone 17, iPhone Air and iPhone 17 Pro Max fail to make top 20 in DxOMark display analysis - Notebookcheck","<a href=""https://news.google.com/rss/articles/CBMi2AFBVV95cUxPQ2x1LVNTNEQxVU9mT0x6b3JxV3dKQnZGOXdISnIzWGhLa3FwZkdWekY0bFhtWE9WX2x5SHhIRWpScGVNTFowTTBCNjd2bVJrLVJxTVFjdGxOTWdEUjFjbzN4N2RrMEZSQm8wOWZMZWZ6VmRUM1BQNmRMVWVOWWk0c25mZThGZFdNUHF2TGxQMTZ2MG84dFpMUGdSR1Z4ZzhBMjRkTF93aGZ1THZEbzdfWXdlRzY5ZVMwbktMc1MyY1J5RWpsOXo0VkcyelRQY0pha05xRUpJTXM?oc=5"" target=""_blank"">Apple iPhone 17, iPhone Air and iPhone 17 Pro Max fail to make top 20 in DxOMark display analysis</a>&nbsp;&nbsp;<font color=""#6f6f6f"">Notebookcheck</font>",,,
Google RSS,2025-10-29T22:02:11.921577,iphone 17 pro,https://news.google.com/rss/articles/CBMiuwFBVV95cUxOcW43MFZEYlpHVWdlVW1CMGJubnVYV2Q4VFFwa0NQcnFSYVp6cGJNekp0dXZzVmhkdnJLTFVEX0REbGJqeVExbmxKdEgwbUEtYmtDYmM0cDk2dmxSa3ZFM1BQZGJoc0pXTkxueVJkSGJ0TEVaQkR6alNuQUhoRWkzd2ZvMVVxYXk5T2NyLS1KWGJKZHhqS3FSTDNPSVNfQ3BGeVVSTHcwQ2NQZjRrTzFUejVoWWUxQU5pWXFB?oc=5,Act fast! This carrier is offering the iPhone 17 for free ahead of Black Friday - Tom's Guide,"<a href=""https://news.google.com/rss/articles/CBMiuwFBVV95cUxOcW43MFZEYlpHVWdlVW1CMGJubnVYV2Q4VFFwa0NQcnFSYVp6cGJNekp0dXZzVmhkdnJLTFVEX0REbGJqeVExbmxKdEgwbUEtYmtDYmM0cDk2dmxSa3ZFM1BQZGJoc0pXTkxueVJkSGJ0TEVaQkR6alNuQUhoRWkzd2ZvMVVxYXk5T2NyLS1KWGJKZHhqS3FSTDNPSVNfQ3BGeVVSTHcwQ2NQZjRrTzFUejVoWWUxQU5pWXFB?oc=5"" target=""_blank"">Act fast! This carrier is offering the iPhone 17 for free ahead of Black Friday</a>&nbsp;&nbsp;<font color=""#6f6f6f"">Tom's Guide</font>",,,
Google RSS,2025-10-29T22:02:11.921577,iphone 17 pro,https://news.google.com/rss/articles/CBMi3wFBVV95cUxPTHhzaHZzZDJvVlRqblpmZnRWMWZad3hHYjMtQ1lBZEkyWGo4UEl2LXJOQ2YzdFlzRU5sSjRRNWxRUklsY1lqMXA3TXpaTFBiY0E2LWRUaFJ3T3l6RUlpTmwxRGNsd0NvTVRqNTR0dmFnOHpLandtdjJQTXNMb2s2RXdhNi1vUkY3Q0VVQmdCRkgyd3lnNDFHNmgwb3M5dW9WOU5CN2NLN3RWNzlnLWpCRWVHY2YxQXNwUTFxYnBFcGU1bDkyQmxWd3dfN0J3WHYxQkRTenJMMFhoc2V5TGRB?oc=5,I ran 5 tests on iPhone 17 Pro Max vs Galaxy S25 Ultra vs Pixel 10 Pro XL to see which has the best display - Tom's Guide,"<a href=""https://news.google.com/rss/articles/CBMi3wFBVV95cUxPTHhzaHZzZDJvVlRqblpmZnRWMWZad3hHYjMtQ1lBZEkyWGo4UEl2LXJOQ2YzdFlzRU5sSjRRNWxRUklsY1lqMXA3TXpaTFBiY0E2LWRUaFJ3T3l6RUlpTmwxRGNsd0NvTVRqNTR0dmFnOHpLandtdjJQTXNMb2s2RXdhNi1vUkY3Q0VVQmdCRkgyd3lnNDFHNmgwb3M5dW9WOU5CN2NLN3RWNzlnLWpCRWVHY2YxQXNwUTFxYnBFcGU1bDkyQmxWd3dfN0J3WHYxQkRTenJMMFhoc2V5TGRB?oc=5"" target=""_blank"">I ran 5 tests on iPhone 17 Pro Max vs Galaxy S25 Ultra vs Pixel 10 Pro XL to see which has the best display</a>&nbsp;&nbsp;<font color=""#6f6f6f"">Tom's Guide</font>",,,
Google RSS,2025-10-29T22:02:11.921577,iphone 17 pro,https://news.google.com/rss/articles/CBMioAFBVV95cUxPVm5zZXBBNU5jcWx5SWk0VmFITmotWEZ1NzZYUXlGallNSUlyRzk4SE0yS19KRTVhQUpwSmpfeDRDQVZoX3Q4Rjh4WTd0R0h6VUZudlhuTUFpc3pCQVdXRXZySUdrYjBhd1U1NFBUNlN2X0VGVURjWWM4d2k0bTFadi11WnNkaTJYVTNrajdad3N2anRRZkVVSWlVU012UWx5?oc=5,iPhone Air vs. iPhone 17 Pro: Reevaluating after two weeks - AppleInsider,"<a href=""https://news.google.com/rss/articles/CBMioAFBVV95cUxPVm5zZXBBNU5jcWx5SWk0VmFITmotWEZ1NzZYUXlGallNSUlyRzk4SE0yS19KRTVhQUpwSmpfeDRDQVZoX3Q4Rjh4WTd0R0h6VUZudlhuTUFpc3pCQVdXRXZySUdrYjBhd1U1NFBUNlN2X0VGVURjWWM4d2k0bTFadi11WnNkaTJYVTNrajdad3N2anRRZkVVSWlVU012UWx5?oc=5"" target=""_blank"">iPhone Air vs. iPhone 17 Pro: Reevaluating after two weeks</a>&nbsp;&nbsp;<font color=""#6f6f6f"">AppleInsider</font>",,,
Google RSS,2025-10-29T22:02:11.921577,iphone 17 pro,https://news.google.com/rss/articles/CBMitAFBVV95cUxNOElGazNma0R5UHRlMVQ1MU1uTWQ2dDBOQkhPSE9aU1A0dHJYLVZER2plZU52RjZLLVRGNTJ4elBuUnQ2QmdwUUcxOWk3OEdoMmdOQmRTZGtuaGRoNDBkY0YwcVh5S2VqdXlOTG5lTXFFTmxaZ1licERIZEh5amNjbElobjRzeEhuYTFLX0dWcVJ4X3V1YWREUTQyeDVUOVhIdlFyRkNOWG1rdVpxLWZZV18xa0k?oc=5,"Apple’s iPhone 17 Pro Now Available Under Rs 72,000 on Amazon: Check Out The Deal - Tech - Mashable India","<a href=""https://news.google.com/rss/articles/CBMitAFBVV95cUxNOElGazNma0R5UHRlMVQ1MU1uTWQ2dDBOQkhPSE9aU1A0dHJYLVZER2plZU52RjZLLVRGNTJ4elBuUnQ2QmdwUUcxOWk3OEdoMmdOQmRTZGtuaGRoNDBkY0YwcVh5S2VqdXlOTG5lTXFFTmxaZ1licERIZEh5amNjbElobjRzeEhuYTFLX0dWcVJ4X3V1YWREUTQyeDVUOVhIdlFyRkNOWG1rdVpxLWZZV18xa0k?oc=5"" target=""_blank"">Apple’s iPhone 17 Pro Now Available Under Rs 72,000 on Amazon: Check Out The Deal - Tech</a>&nbsp;&nbsp;<font color=""#6f6f6f"">Mashable India</font>",,,
Google RSS,2025-10-29T22:02:11.921577,iphone 17 pro,https://news.google.com/rss/articles/CBMiggJBVV95cUxNdFNTUDlJRWRFOWZlejBsQ0NiMXhDT0hPOWo4dnhpWnJhc2NOV01pYk5Sb3BYeHMwNEp3Zk9RVFB4ejEwUnJkUlJja2hFRHJKVlBFN0N6WjhOOFkwdHpfQVZ6ZzA2YXBWc09PVWh6YWFzVVU5YTcyNG94OUNwRU5PTDl2ZnVoS0wzTmRjYzdfYUtYdnprX2FvcEtOSnpjZk9vUmxQeTMyWlRVWGVPTThZSzUtM2k4QmRmcTdRbmU2bTZ3ZS1DVGg1WVJuYU1YMHpEblR2VXNOMDdIYW5ORllOYnNhQmxnRTF1TVpGWkFxUDI3V0djTV9hRmdqenB3NWhLenfSAYcCQVVfeXFMUFFNa2xKNko4UTJSMjdSaHpNdGR4aDdhSjZkaDhkalBwVDJseXdpQTVkM3Y2TnU3VDNSWFp4b0h4Y05oczRqcTlOWEJDT2pDNjVVbUQ0VkpmTmIzWHgzeV9jTzVEVHAwZHM2OS1OZnpQOWRtUVlwcHpsd0tQWUdzanl0NU8yVl9ua0xqa1VRS1gxd2xxX0c2VmEyYTU2TjJSU2sxaVpQdF80TnBhSFZOMjZfSzUzcElHaVcxV0hlODMtZzdlRHltdGFhNUhyTUFxMFBQYVZKczJDUGoycWlzMUwxTVBYUkwxSVgyQjVoZ1FST3g3ZmoxWmJJUzFyWlV4QUFoX3hKS2c?oc=5,"Apple iPhone 17 Pro is available for just Rs 70,155 on Amazon; know how to grab the deal - The Times of India","<a href=""https://news.google.com/rss/articles/CBMiggJBVV95cUxNdFNTUDlJRWRFOWZlejBsQ0NiMXhDT0hPOWo4dnhpWnJhc2NOV01pYk5Sb3BYeHMwNEp3Zk9RVFB4ejEwUnJkUlJja2hFRHJKVlBFN0N6WjhOOFkwdHpfQVZ6ZzA2YXBWc09PVWh6YWFzVVU5YTcyNG94OUNwRU5PTDl2ZnVoS0wzTmRjYzdfYUtYdnprX2FvcEtOSnpjZk9vUmxQeTMyWlRVWGVPTThZSzUtM2k4QmRmcTdRbmU2bTZ3ZS1DVGg1WVJuYU1YMHpEblR2VXNOMDdIYW5ORllOYnNhQmxnRTF1TVpGWkFxUDI3V0djTV9hRmdqenB3NWhLenfSAYcCQVVfeXFMUFFNa2xKNko4UTJSMjdSaHpNdGR4aDdhSjZkaDhkalBwVDJseXdpQTVkM3Y2TnU3VDNSWFp4b0h4Y05oczRqcTlOWEJDT2pDNjVVbUQ0VkpmTmIzWHgzeV9jTzVEVHAwZHM2OS1OZnpQOWRtUVlwcHpsd0tQWUdzanl0NU8yVl9ua0xqa1VRS1gxd2xxX0c2VmEyYTU2TjJSU2sxaVpQdF80TnBhSFZOMjZfSzUzcElHaVcxV0hlODMtZzdlRHltdGFhNUhyTUFxMFBQYVZKczJDUGoycWlzMUwxTVBYUkwxSVgyQjVoZ1FST3g3ZmoxWmJJUzFyWlV4QUFoX3hKS2c?oc=5"" target=""_blank"">Apple iPhone 17 Pro is available for just Rs 70,155 on Amazon; know how to grab the deal</a>&nbsp;&nbsp;<font color=""#6f6f6f"">The Times of India</font>",,,
Google RSS,2025-10-29T22:02:11.921577,iphone 17 pro,https://news.google.com/rss/articles/CBMitAFBVV95cUxPTENKek8yVmwwcWFSQWhNRUgwT01KbWdHMVNXbnAycTBWUnRFWUFZNm5ORjlrZFhxU2RaZUUyeGNEOWhLZnBrZms0TWJvVDNDNFBJYVFFbVlSYzVaZ1Q1blFCMTJsaXlXaWVaR1piRW5zLVVJMWpiMmp2dVV4TjlsSE96WHhsemZQSzNrR3ZiejA5endGQ1hxS0hIUjVpaGhRZ2tUN1NpZTFPSmZCSk00SW9ycGs?oc=5,"I love Android and I hate to say it, but Apple will eventually win - Creative Bloq","<a href=""https://news.google.com/rss/articles/CBMitAFBVV95cUxPTENKek8yVmwwcWFSQWhNRUgwT01KbWdHMVNXbnAycTBWUnRFWUFZNm5ORjlrZFhxU2RaZUUyeGNEOWhLZnBrZms0TWJvVDNDNFBJYVFFbVlSYzVaZ1Q1blFCMTJsaXlXaWVaR1piRW5zLVVJMWpiMmp2dVV4TjlsSE96WHhsemZQSzNrR3ZiejA5endGQ1hxS0hIUjVpaGhRZ2tUN1NpZTFPSmZCSk00SW9ycGs?oc=5"" target=""_blank"">I love Android and I hate to say it, but Apple will eventually win</a>&nbsp;&nbsp;<font color=""#6f6f6f"">Creative Bloq</font>",,,
Google RSS,2025-10-29T22:02:11.921577,iphone 17 pro,https://news.google.com/rss/articles/CBMihgFBVV95cUxONFVXX2xfUGk1aXZzVEVFOHpKbHozSm1oNnh1UEd5OUY5TGZoMU5DMkZsZEFmV2VLSXNSX05ibTQ5VDVscUl4b3Z0M1FQMVpBN3dXRWNyQTZQbXR4aTdXX3M4VEt1RjJBRmR1RjFESWR0MGJ5ZGtFSVRXS0RxdGhlamliaF9FZw?oc=5,Some Cosmic Orange iPhone 17 Pros Seeing Discoloration Issue [Updated] - MacRumors,"<a href=""https://news.google.com/rss/articles/CBMihgFBVV95cUxONFVXX2xfUGk1aXZzVEVFOHpKbHozSm1oNnh1UEd5OUY5TGZoMU5DMkZsZEFmV2VLSXNSX05ibTQ5VDVscUl4b3Z0M1FQMVpBN3dXRWNyQTZQbXR4aTdXX3M4VEt1RjJBRmR1RjFESWR0MGJ5ZGtFSVRXS0RxdGhlamliaF9FZw?oc=5"" target=""_blank"">Some Cosmic Orange iPhone 17 Pros Seeing Discoloration Issue [Updated]</a>&nbsp;&nbsp;<font color=""#6f6f6f"">MacRumors</font>",,,
Google RSS,2025-10-29T22:02:11.921577,iphone 17 pro,https://news.google.com/rss/articles/CBMitAFBVV95cUxNWmdJcHgwSnJ2cFNHa2JVbFBiZ0FvRnkwZGxFXy1PWFJ1UFlMem1CcVlDZS1NYmZ5eTd2TXE5MVBHR21yT2pobE1UN2J2MGk0emljcFpmQXp5TUNwbGVWQktrVVVELWJ6OUlYeTRzVG1yNjk4ZWZ5eEd1MGUyOFN5dGZYaFZHeDBoNHN3eVpWajJNT1BLY3dGUFFhSHdzbVdyT3RWaTMyWEdtb3NuZFdYcUlFLWY?oc=5,iPhone 17 Pro vs. Pixel 10 Pro XL: Pitting Phone Camera Royalty Against Each Other - CNET,"<a href=""https://news.google.com/rss/articles/CBMitAFBVV95cUxNWmdJcHgwSnJ2cFNHa2JVbFBiZ0FvRnkwZGxFXy1PWFJ1UFlMem1CcVlDZS1NYmZ5eTd2TXE5MVBHR21yT2pobE1UN2J2MGk0emljcFpmQXp5TUNwbGVWQktrVVVELWJ6OUlYeTRzVG1yNjk4ZWZ5eEd1MGUyOFN5dGZYaFZHeDBoNHN3eVpWajJNT1BLY3dGUFFhSHdzbVdyT3RWaTMyWEdtb3NuZFdYcUlFLWY?oc=5"" target=""_blank"">iPhone 17 Pro vs. Pixel 10 Pro XL: Pitting Phone Camera Royalty Against Each Other</a>&nbsp;&nbsp;<font color=""#6f6f6f"">CNET</font>",,,
Yahoo News,2025-10-29T22:02:12.657973,iphone 17 pro,https://r.search.yahoo.com/_ylt=AwrO7gjkjgJpAAIAs2XQtDMD;_ylu=Y29sbwNncTEEcG9zAzEEdnRpZAMEc2VjA3Ny/RV=2/RE=1762984932/RO=10/RU=https%3a%2f%2fwww.cnet.com%2ftech%2fmobile%2fiphone-17-pro-takes-a-beating-from-the-oppo-find-x9-pros-camera%2f/RK=2/RS=sYl1r9YQbk8SzXHoK_Sqa2WZnCc-,iPhone 17 Pro Takes a Beating From the Oppo Find X9 Pro's Camera,,,,
Yahoo News,2025-10-29T22:02:12.657973,iphone 17 pro,https://r.search.yahoo.com/_ylt=AwrO7gjkjgJpAAIAtmXQtDMD;_ylu=Y29sbwNncTEEcG9zAzIEdnRpZAMEc2VjA3Ny/RV=2/RE=1762984932/RO=10/RU=https%3a%2f%2ftech.yahoo.com%2fphones%2farticles%2fapple-iphone-air-review-gadget-100016346.html/RK=2/RS=zM5QAs8drOPD2ZSp8SybIl26Ong-,Apple iPhone Air Review: My Gadget Of the Year,,,,
Yahoo News,2025-10-29T22:02:12.657973,iphone 17 pro,https://r.search.yahoo.com/_ylt=AwrO7gjkjgJpAAIAuWXQtDMD;_ylu=Y29sbwNncTEEcG9zAzMEdnRpZAMEc2VjA3Ny/RV=2/RE=1762984932/RO=10/RU=https%3a%2f%2fwccftech.com%2fiphone-17-pro-max-storage-modifications-saves-800-but-is-extremely-risky%2f/RK=2/RS=2YdysvtZOYnT4pIfCXLvtlXQVqE-,iPhone 17 Pro Max Storage Modification Saves A Whopping $800 In ‘Apple Tax’ But ...,,,,
Yahoo News,2025-10-29T22:02:12.659017,iphone 17 pro,https://r.search.yahoo.com/_ylt=AwrO7gjkjgJpAAIAvGXQtDMD;_ylu=Y29sbwNncTEEcG9zAzQEdnRpZAMEc2VjA3Ny/RV=2/RE=1762984932/RO=10/RU=https%3a%2f%2fthe-gadgeteer.com%2f2025%2f10%2f29%2fuag-monarch-pro-kevlar-iphone-17-pro-max-case-review-think-of-it-as-insurance%2f/RK=2/RS=p.gw4YBL7Zcg.6lkASamOObp3t4-,UAG Monarch Pro Kevlar iPhone 17 Pro Max Case review - think of it as insurance...,,,,
Yahoo News,2025-10-29T22:02:12.659017,iphone 17 pro,https://r.search.yahoo.com/_ylt=AwrO7gjkjgJpAAIAv2XQtDMD;_ylu=Y29sbwNncTEEcG9zAzUEdnRpZAMEc2VjA3Ny/RV=2/RE=1762984932/RO=10/RU=https%3a%2f%2fpetapixel.com%2f2025%2f10%2f29%2fsandmarcs-new-270-telephoto-lens-doubles-the-iphone-17-pros-zoom%2f/RK=2/RS=f_Sue85yJwY2RqToY6SR9KNsWYs-,Sandmarc's New $270 Telephoto Lens Doubles the iPhone 17 Pro's Zoom,,,,
Yahoo News,2025-10-29T22:02:12.659017,iphone 17 pro,https://r.search.yahoo.com/_ylt=AwrO7gjkjgJpAAIAwmXQtDMD;_ylu=Y29sbwNncTEEcG9zAzYEdnRpZAMEc2VjA3Ny/RV=2/RE=1762984932/RO=10/RU=https%3a%2f%2fsea.mashable.com%2ftech%2f40410%2fscore-a-free-iphone-17-pro-when-you-trade-in-your-old-phone-with-t-mobile/RK=2/RS=AHZBf5bFqN_VbutNFo7xG13Q8SA-,Score a free iPhone 17 Pro when you trade in your old phone with T-Mobile,,,,
Yahoo News,2025-10-29T22:02:12.659017,iphone 17 pro,https://r.search.yahoo.com/_ylt=AwrO7gjkjgJpAAIAxWXQtDMD;_ylu=Y29sbwNncTEEcG9zAzcEdnRpZAMEc2VjA3Ny/RV=2/RE=1762984932/RO=10/RU=https%3a%2f%2ftech.yahoo.com%2fphones%2farticles%2fresident-apple-expert-swears-iphone-130600415.html/RK=2/RS=W0el39XZvMqp4UoSayh3Nu4d2gU-,Our Resident Apple Expert Swears By These iPhone 17 Pro and Pro Max Cases,,,,
Yahoo News,2025-10-29T22:02:12.659017,iphone 17 pro,https://r.search.yahoo.com/_ylt=AwrO7gjkjgJpAAIAyGXQtDMD;_ylu=Y29sbwNncTEEcG9zAzgEdnRpZAMEc2VjA3Ny/RV=2/RE=1762984932/RO=10/RU=https%3a%2f%2ftech.yahoo.com%2fphones%2farticles%2fput-iphone-17-pro-max-061500867.html/RK=2/RS=BYRFQ59BUtp37i_bzJGBhRA1_e0-,I put the iPhone 17 Pro Max vs Pixel 10 Pro XL through a 7-round face-off — here...,,,,
Yahoo News,2025-10-29T22:02:12.659017,iphone 17 pro,https://r.search.yahoo.com/_ylt=AwrO7gjkjgJpAAIAy2XQtDMD;_ylu=Y29sbwNncTEEcG9zAzkEdnRpZAMEc2VjA3Ny/RV=2/RE=1762984932/RO=10/RU=https%3a%2f%2ftech.yahoo.com%2fai%2fapple-intelligence%2farticles%2fapples-c2-5g-modem-reportedly-115431699.html/RK=2/RS=mXxR1u3dePTalaVyNesxW.hVuEo-,Apple's C2 5G Modem Will Reportedly Feature On All iPhone 18 Models,,,,
Yahoo News,2025-10-29T22:02:12.659017,iphone 17 pro,https://r.search.yahoo.com/_ylt=AwrO7gjkjgJpAAIAzWXQtDMD;_ylu=Y29sbwNncTEEcG9zAzEwBHZ0aWQDBHNlYwNzcg--/RV=2/RE=1762984932/RO=10/RU=https%3a%2f%2fwww.zdnet.com%2farticle%2ft-mobile-is-still-giving-away-the-iphone-17-pro-for-free-heres-how-to-qualify%2f/RK=2/RS=3502inoy1RMcoAL7YN0tYxFj8tc-,T-Mobile is still giving away the iPhone 17 Pro for free - here's how to qualify,,,,
Google RSS,2025-10-29T22:02:13.425458,iphone 17 air,https://news.google.com/rss/articles/CBMijAFBVV95cUxPTF9OWXVLVm45b3lWWVZfVXhSMmpZdEliSm9TQk01eHB3WVlfYVpFVXB6cXptMUdZNVZWY1FpREtXd0pDNDlnejU3WkFYNFFENVM5SUdWb3phSU5YSHFUUG9LMldjcU5SLXZTRnVoR0liM2tLcnE1YS1SVF9oOUlEV0FPelJPNHJ5SWI2OdIBkgFBVV95cUxQeTJjRWZndGdzcXlCN3pYUWtVY1oyQXFzem9rOHE0bEpNTU5EVkNDM3VkX0oxY3pEU2N6b3pWWVpjb3laTTNMRFhyQm1IbkZkbWJVUFp1YU54VE50Y2NEcnVLMTVOWXFlYkR3ak50ZUxiaktESWE0MjNDa2U0UUt3MURKOXNNU3JGR1U3azBuRlRiQQ?oc=5,Apple's iPhone Air doesn't look like a bestseller. It might not matter - CNBC,"<a href=""https://news.google.com/rss/articles/CBMijAFBVV95cUxPTF9OWXVLVm45b3lWWVZfVXhSMmpZdEliSm9TQk01eHB3WVlfYVpFVXB6cXptMUdZNVZWY1FpREtXd0pDNDlnejU3WkFYNFFENVM5SUdWb3phSU5YSHFUUG9LMldjcU5SLXZTRnVoR0liM2tLcnE1YS1SVF9oOUlEV0FPelJPNHJ5SWI2OdIBkgFBVV95cUxQeTJjRWZndGdzcXlCN3pYUWtVY1oyQXFzem9rOHE0bEpNTU5EVkNDM3VkX0oxY3pEU2N6b3pWWVpjb3laTTNMRFhyQm1IbkZkbWJVUFp1YU54VE50Y2NEcnVLMTVOWXFlYkR3ak50ZUxiaktESWE0MjNDa2U0UUt3MURKOXNNU3JGR1U3azBuRlRiQQ?oc=5"" target=""_blank"">Apple's iPhone Air doesn't look like a bestseller. It might not matter</a>&nbsp;&nbsp;<font color=""#6f6f6f"">CNBC</font>",,,
Google RSS,2025-10-29T22:02:13.425458,iphone 17 air,https://news.google.com/rss/articles/CBMimgFBVV95cUxPU0IyNl9HOTR1dy1zMU5jMWU5ZjNRUXJVbzlDRF9ySGFtcmZkU09pWnRNb1AxMVlXVi1XTUFMeVRzdWlCZzhiazU1amhJSXJqVGN1aXFTR2tXVEhnVmxWdlcxRm93U1lzY29seE5BdWVYZ0w0X0dQU1ZER2ZxLUdZZXlWbGtkQjlFQXNxQkphbS1fcU53T2lpVGNR?oc=5,iPhone Air production change orders may not be true - AppleInsider,"<a href=""https://news.google.com/rss/articles/CBMimgFBVV95cUxPU0IyNl9HOTR1dy1zMU5jMWU5ZjNRUXJVbzlDRF9ySGFtcmZkU09pWnRNb1AxMVlXVi1XTUFMeVRzdWlCZzhiazU1amhJSXJqVGN1aXFTR2tXVEhnVmxWdlcxRm93U1lzY29seE5BdWVYZ0w0X0dQU1ZER2ZxLUdZZXlWbGtkQjlFQXNxQkphbS1fcU53T2lpVGNR?oc=5"" target=""_blank"">iPhone Air production change orders may not be true</a>&nbsp;&nbsp;<font color=""#6f6f6f"">AppleInsider</font>",,,
Google RSS,2025-10-29T22:02:13.425458,iphone 17 air,https://news.google.com/rss/articles/CBMicEFVX3lxTE1tMkl1VEFTVGNDdURQcXJpRHc1ZEpBeHktcDdxeElLVjFaNjVacmRra0Z1RUc0X200SnFRSFpfQ2JyM0VkQnJHYUZhTU1ET19OSzhkWFQxR2hVcXhnc0dPaXNwQ1BjVzI4d1Fpb2M4Y2g?oc=5,"The Best iPhone Case for iPhone 17, 17 Plus, 17 Pro, 17 Pro Max, and iPhone Air - The New York Times","<a href=""https://news.google.com/rss/articles/CBMicEFVX3lxTE1tMkl1VEFTVGNDdURQcXJpRHc1ZEpBeHktcDdxeElLVjFaNjVacmRra0Z1RUc0X200SnFRSFpfQ2JyM0VkQnJHYUZhTU1ET19OSzhkWFQxR2hVcXhnc0dPaXNwQ1BjVzI4d1Fpb2M4Y2g?oc=5"" target=""_blank"">The Best iPhone Case for iPhone 17, 17 Plus, 17 Pro, 17 Pro Max, and iPhone Air</a>&nbsp;&nbsp;<font color=""#6f6f6f"">The New York Times</font>",,,
Google RSS,2025-10-29T22:02:13.425458,iphone 17 air,https://news.google.com/rss/articles/CBMinAFBVV95cUxNX2trZm1yQTNualg5X1Y4d0NqdENhMlRuYVprVl9IQzNOV25hS3kwYXBvaWRpeWthRHNtUUdNc25JVENoYlpyVmhkR0R6X1c0NE4ydGlJYkdzbkFtN2xnSUxDTldPWHk5MkJZY0lkTlFNWVBUS1pQS0Y5Z1BNZXBnNXc3N0V3Z0dsTE5oSmZXazlRcTBaeHl1c2lwU28?oc=5,"So it looks like the iPhone Air is a flop. Well, duh - Macworld","<a href=""https://news.google.com/rss/articles/CBMinAFBVV95cUxNX2trZm1yQTNualg5X1Y4d0NqdENhMlRuYVprVl9IQzNOV25hS3kwYXBvaWRpeWthRHNtUUdNc25JVENoYlpyVmhkR0R6X1c0NE4ydGlJYkdzbkFtN2xnSUxDTldPWHk5MkJZY0lkTlFNWVBUS1pQS0Y5Z1BNZXBnNXc3N0V3Z0dsTE5oSmZXazlRcTBaeHl1c2lwU28?oc=5"" target=""_blank"">So it looks like the iPhone Air is a flop. Well, duh</a>&nbsp;&nbsp;<font color=""#6f6f6f"">Macworld</font>",,,
Google RSS,2025-10-29T22:02:13.425458,iphone 17 air,https://news.google.com/rss/articles/CBMidEFVX3lxTE1mbFpOTm4yWjdqMC0tazQwanUxNjNhckVXbnVpV1E2M01nZjAzZ29Jcld1UEt0cDFsWTdIcVEtaHVScGphZTVnTG5NUUswYUpmdHhZSFFBb3ltWVdpSE9uZHJGTmJDYTgzaUlPSl91SVN2RkZY?oc=5,iPhone 17 matches iPhone Air display performance in DXOMARK test - 9to5Mac,"<a href=""https://news.google.com/rss/articles/CBMidEFVX3lxTE1mbFpOTm4yWjdqMC0tazQwanUxNjNhckVXbnVpV1E2M01nZjAzZ29Jcld1UEt0cDFsWTdIcVEtaHVScGphZTVnTG5NUUswYUpmdHhZSFFBb3ltWVdpSE9uZHJGTmJDYTgzaUlPSl91SVN2RkZY?oc=5"" target=""_blank"">iPhone 17 matches iPhone Air display performance in DXOMARK test</a>&nbsp;&nbsp;<font color=""#6f6f6f"">9to5Mac</font>",,,
Google RSS,2025-10-29T22:02:13.425458,iphone 17 air,https://news.google.com/rss/articles/CBMijwFBVV95cUxOY3lqTkgtYUpJYnhjY1RsRVJIWEQzTmY5Y0dUQUpLRWRWRjJWS1VfZWw4VE56LWgyYnM1Uy1yenhVRnpiS0VkYmU0ZFp0ME1KLVVBcXc5S1VFcWoxUWFsTWZFdy1uaHBmWWNFQzAzOTVYNS1vOEtWQnBOdTZzVGV1ZjFPU0docEhxaWkxLTdwWdIBiwFBVV95cUxOVWVlQkpDNlNxLUJORjVMTk5VUEZOS2JGZ05OMGtON3VMSGFBNC1TRUNuOUNxbUNmUkx6TUtYNVg0dFRvSEtETVczZ1gxUzEySHZEYmpJVXVRZmdmNGVWa3RXNVhZcjQwRjJBckZHSG50X2FZZjJ0cEZBVDdZcU1qR2JjMFJtdG9fVG9v?oc=5,New report claims Apple hasn't cut iPhone Air production - GSMArena.com news - GSMArena.com,"<a href=""https://news.google.com/rss/articles/CBMijwFBVV95cUxOY3lqTkgtYUpJYnhjY1RsRVJIWEQzTmY5Y0dUQUpLRWRWRjJWS1VfZWw4VE56LWgyYnM1Uy1yenhVRnpiS0VkYmU0ZFp0ME1KLVVBcXc5S1VFcWoxUWFsTWZFdy1uaHBmWWNFQzAzOTVYNS1vOEtWQnBOdTZzVGV1ZjFPU0docEhxaWkxLTdwWdIBiwFBVV95cUxOVWVlQkpDNlNxLUJORjVMTk5VUEZOS2JGZ05OMGtON3VMSGFBNC1TRUNuOUNxbUNmUkx6TUtYNVg0dFRvSEtETVczZ1gxUzEySHZEYmpJVXVRZmdmNGVWa3RXNVhZcjQwRjJBckZHSG50X2FZZjJ0cEZBVDdZcU1qR2JjMFJtdG9fVG9v?oc=5"" target=""_blank"">New report claims Apple hasn't cut iPhone Air production - GSMArena.com news</a>&nbsp;&nbsp;<font color=""#6f6f6f"">GSMArena.com</font>",,,
Google RSS,2025-10-29T22:02:13.425458,iphone 17 air,https://news.google.com/rss/articles/CBMi2AFBVV95cUxPQ2x1LVNTNEQxVU9mT0x6b3JxV3dKQnZGOXdISnIzWGhLa3FwZkdWekY0bFhtWE9WX2x5SHhIRWpScGVNTFowTTBCNjd2bVJrLVJxTVFjdGxOTWdEUjFjbzN4N2RrMEZSQm8wOWZMZWZ6VmRUM1BQNmRMVWVOWWk0c25mZThGZFdNUHF2TGxQMTZ2MG84dFpMUGdSR1Z4ZzhBMjRkTF93aGZ1THZEbzdfWXdlRzY5ZVMwbktMc1MyY1J5RWpsOXo0VkcyelRQY0pha05xRUpJTXM?oc=5,"Apple iPhone 17, iPhone Air and iPhone 17 Pro Max fail to make top 20 in DxOMark display analysis - Notebookcheck","<a href=""https://news.google.com/rss/articles/CBMi2AFBVV95cUxPQ2x1LVNTNEQxVU9mT0x6b3JxV3dKQnZGOXdISnIzWGhLa3FwZkdWekY0bFhtWE9WX2x5SHhIRWpScGVNTFowTTBCNjd2bVJrLVJxTVFjdGxOTWdEUjFjbzN4N2RrMEZSQm8wOWZMZWZ6VmRUM1BQNmRMVWVOWWk0c25mZThGZFdNUHF2TGxQMTZ2MG84dFpMUGdSR1Z4ZzhBMjRkTF93aGZ1THZEbzdfWXdlRzY5ZVMwbktMc1MyY1J5RWpsOXo0VkcyelRQY0pha05xRUpJTXM?oc=5"" target=""_blank"">Apple iPhone 17, iPhone Air and iPhone 17 Pro Max fail to make top 20 in DxOMark display analysis</a>&nbsp;&nbsp;<font color=""#6f6f6f"">Notebookcheck</font>",,,
Google RSS,2025-10-29T22:02:13.425458,iphone 17 air,https://news.google.com/rss/articles/CBMiqAFBVV95cUxNaWZqLVRsd0pkUERqLWxMazBUcmMwb1FsOGVmcFJKcENNc1dQR1Q3V1g0Wm9fY0s5TDJYS1d2eVBrcGhQczBoeFpyeVFxbVp0Yy1YaERtLUlnNUlFUkFnclVrb05KY3N2bGpYVnJpUHFycUY3U3RqdHZhRmhUSDc4dllaRjVHdHYtUWNodHR2eGV0TUFjQzBTbFdKYXBfaWxiSXViYVVnZ08?oc=5,iPhone 17 review: the Apple smartphone to get this year - The Guardian,"<a href=""https://news.google.com/rss/articles/CBMiqAFBVV95cUxNaWZqLVRsd0pkUERqLWxMazBUcmMwb1FsOGVmcFJKcENNc1dQR1Q3V1g0Wm9fY0s5TDJYS1d2eVBrcGhQczBoeFpyeVFxbVp0Yy1YaERtLUlnNUlFUkFnclVrb05KY3N2bGpYVnJpUHFycUY3U3RqdHZhRmhUSDc4dllaRjVHdHYtUWNodHR2eGV0TUFjQzBTbFdKYXBfaWxiSXViYVVnZ08?oc=5"" target=""_blank"">iPhone 17 review: the Apple smartphone to get this year</a>&nbsp;&nbsp;<font color=""#6f6f6f"">The Guardian</font>",,,
Google RSS,2025-10-29T22:02:13.425458,iphone 17 air,https://news.google.com/rss/articles/CBMiuwFBVV95cUxQOC1QUVJBY1pJR3BFWHdEZHJBemhMbHN3dGc5RFd2TFBfVWhTUENqbUx3bTY4bGd6RDBBRmxmLXduSkxJdWd2UGpHZ295SXFYU1l2b0JRNGJhLVJRZWptN3h2enpJY2dFVXhTR1plTm1McjRmYmpWZmNMeUFCN3RGejBYbjdkQzlGT2tWb1RLa1RuN3VQWm03MlM1ZVk5LU4tYlpqbGw4T0wyX0N1MGxDcGNORjdzSF9iZF9R?oc=5,"Apple slashes iPhone Air production plans, boosts other 17 models: sources - Nikkei Asia","<a href=""https://news.google.com/rss/articles/CBMiuwFBVV95cUxQOC1QUVJBY1pJR3BFWHdEZHJBemhMbHN3dGc5RFd2TFBfVWhTUENqbUx3bTY4bGd6RDBBRmxmLXduSkxJdWd2UGpHZ295SXFYU1l2b0JRNGJhLVJRZWptN3h2enpJY2dFVXhTR1plTm1McjRmYmpWZmNMeUFCN3RGejBYbjdkQzlGT2tWb1RLa1RuN3VQWm03MlM1ZVk5LU4tYlpqbGw4T0wyX0N1MGxDcGNORjdzSF9iZF9R?oc=5"" target=""_blank"">Apple slashes iPhone Air production plans, boosts other 17 models: sources</a>&nbsp;&nbsp;<font color=""#6f6f6f"">Nikkei Asia</font>",,,
Google RSS,2025-10-29T22:02:13.425458,iphone 17 air,https://news.google.com/rss/articles/CBMipgFBVV95cUxQakdRVVZuRFIwbHFzejJoczk0Y3hfUnMzei05SVJsVGY4Ty1tN2hNcnNSamNvTnYwRWxnOTY1TFJYcWtQR2NDOW5vOXJsSE51LW9kRWRPNFowMVZCT0RYcmhJN2czNndwZ0dpTEc3M2xWODc4TXlSRm01ZnZOM2lfVzBTV21nZk5hcTdLQXY2RWNwSk40aWNxME1pMW01bnRBSFlXaTdn?oc=5,Which 2025 iPhone Has the Best Battery? I've Crowned a New Power Winner - CNET,"<a href=""https://news.google.com/rss/articles/CBMipgFBVV95cUxQakdRVVZuRFIwbHFzejJoczk0Y3hfUnMzei05SVJsVGY4Ty1tN2hNcnNSamNvTnYwRWxnOTY1TFJYcWtQR2NDOW5vOXJsSE51LW9kRWRPNFowMVZCT0RYcmhJN2czNndwZ0dpTEc3M2xWODc4TXlSRm01ZnZOM2lfVzBTV21nZk5hcTdLQXY2RWNwSk40aWNxME1pMW01bnRBSFlXaTdn?oc=5"" target=""_blank"">Which 2025 iPhone Has the Best Battery? I've Crowned a New Power Winner</a>&nbsp;&nbsp;<font color=""#6f6f6f"">CNET</font>",,,
Google RSS,2025-10-29T22:02:13.425458,iphone 17 air,https://news.google.com/rss/articles/CBMiWEFVX3lxTE12b3Q5aXFvcnNKaEptVFNXUjcyT2pXbE1GNUMzSkltT3VkVGluTGJZV09aLWZGMXlFaTk2VWl5SHRWSXNYQk9xbGtsaTlteXRvNGFqak1pdnQ?oc=5,iPhone Air: Everything We Know - MacRumors,"<a href=""https://news.google.com/rss/articles/CBMiWEFVX3lxTE12b3Q5aXFvcnNKaEptVFNXUjcyT2pXbE1GNUMzSkltT3VkVGluTGJZV09aLWZGMXlFaTk2VWl5SHRWSXNYQk9xbGtsaTlteXRvNGFqak1pdnQ?oc=5"" target=""_blank"">iPhone Air: Everything We Know</a>&nbsp;&nbsp;<font color=""#6f6f6f"">MacRumors</font>",,,
Google RSS,2025-10-29T22:02:13.425458,iphone 17 air,https://news.google.com/rss/articles/CBMioAFBVV95cUxPVm5zZXBBNU5jcWx5SWk0VmFITmotWEZ1NzZYUXlGallNSUlyRzk4SE0yS19KRTVhQUpwSmpfeDRDQVZoX3Q4Rjh4WTd0R0h6VUZudlhuTUFpc3pCQVdXRXZySUdrYjBhd1U1NFBUNlN2X0VGVURjWWM4d2k0bTFadi11WnNkaTJYVTNrajdad3N2anRRZkVVSWlVU012UWx5?oc=5,iPhone Air vs. iPhone 17 Pro: Reevaluating after two weeks - AppleInsider,"<a href=""https://news.google.com/rss/articles/CBMioAFBVV95cUxPVm5zZXBBNU5jcWx5SWk0VmFITmotWEZ1NzZYUXlGallNSUlyRzk4SE0yS19KRTVhQUpwSmpfeDRDQVZoX3Q4Rjh4WTd0R0h6VUZudlhuTUFpc3pCQVdXRXZySUdrYjBhd1U1NFBUNlN2X0VGVURjWWM4d2k0bTFadi11WnNkaTJYVTNrajdad3N2anRRZkVVSWlVU012UWx5?oc=5"" target=""_blank"">iPhone Air vs. iPhone 17 Pro: Reevaluating after two weeks</a>&nbsp;&nbsp;<font color=""#6f6f6f"">AppleInsider</font>",,,
Google RSS,2025-10-29T22:02:13.425458,iphone 17 air,https://news.google.com/rss/articles/CBMimwFBVV95cUxNVV9KOWZMeXAxUFFPT21TY0RRSmN5elhjRkZiWXY5VmNSYjg1cV8zaFZ4bHpNNXFaOHdGa2UteW40c1J1Zl9PQ3B4RnoyYXNROV9TajNRcWtYYWxBR29ZU1hPZjdfUEFQUHhVcW13RkYtTktUNkh2QVd6dmNIWjBiNmRpeDJfX1hnVGhaMkdBRkZvQ2JTWHhKMjhDdw?oc=5,The iPhone 17 Is the True Star of Apple's New Phone Lineup - Consumer Reports,"<a href=""https://news.google.com/rss/articles/CBMimwFBVV95cUxNVV9KOWZMeXAxUFFPT21TY0RRSmN5elhjRkZiWXY5VmNSYjg1cV8zaFZ4bHpNNXFaOHdGa2UteW40c1J1Zl9PQ3B4RnoyYXNROV9TajNRcWtYYWxBR29ZU1hPZjdfUEFQUHhVcW13RkYtTktUNkh2QVd6dmNIWjBiNmRpeDJfX1hnVGhaMkdBRkZvQ2JTWHhKMjhDdw?oc=5"" target=""_blank"">The iPhone 17 Is the True Star of Apple's New Phone Lineup</a>&nbsp;&nbsp;<font color=""#6f6f6f"">Consumer Reports</font>",,,
Google RSS,2025-10-29T22:02:13.425458,iphone 17 air,https://news.google.com/rss/articles/CBMickFVX3lxTFBHc1dKMmZBRXpiRWpldDdLR1Z3b3BoaHhDQ0RfRWtKaW1sZ1RMa0l0bXJacE1EbVpRZnR5Qkl2RVpkSjQ1anhzeE9hVGNwMzFmc3I3N1FyLWFzQ1cxWDlnWmxUOTlVV3ctNkdiaUJ6REJSUQ?oc=5,Apple iPhone Air 17 Smartphone Review - CGMagazine,"<a href=""https://news.google.com/rss/articles/CBMickFVX3lxTFBHc1dKMmZBRXpiRWpldDdLR1Z3b3BoaHhDQ0RfRWtKaW1sZ1RMa0l0bXJacE1EbVpRZnR5Qkl2RVpkSjQ1anhzeE9hVGNwMzFmc3I3N1FyLWFzQ1cxWDlnWmxUOTlVV3ctNkdiaUJ6REJSUQ?oc=5"" target=""_blank"">Apple iPhone Air 17 Smartphone Review</a>&nbsp;&nbsp;<font color=""#6f6f6f"">CGMagazine</font>",,,
Google RSS,2025-10-29T22:02:13.425458,iphone 17 air,https://news.google.com/rss/articles/CBMifEFVX3lxTFB1MFFKbTJiNW84QzJ1Yy1WZTRzVnpIZnZwcE93d2FBMGFvVmZsc1d5OFR1TUJiYkVDd1duTDQ2dU9kemxSY0pNNXNRbVJjTGRDTWVHRnpjUjRienVwbGZiQTB5R0dRTFpmdFduZUxRQWg5bXh6T1hBaFhrSDE?oc=5,iPhone Air review: Back to the future - Six Colors,"<a href=""https://news.google.com/rss/articles/CBMifEFVX3lxTFB1MFFKbTJiNW84QzJ1Yy1WZTRzVnpIZnZwcE93d2FBMGFvVmZsc1d5OFR1TUJiYkVDd1duTDQ2dU9kemxSY0pNNXNRbVJjTGRDTWVHRnpjUjRienVwbGZiQTB5R0dRTFpmdFduZUxRQWg5bXh6T1hBaFhrSDE?oc=5"" target=""_blank"">iPhone Air review: Back to the future</a>&nbsp;&nbsp;<font color=""#6f6f6f"">Six Colors</font>",,,
Google RSS,2025-10-29T22:02:13.425458,iphone 17 air,https://news.google.com/rss/articles/CBMieEFVX3lxTFBJRFdzdWpRR1VpNzlXZHVIcXhkemJmdFRRZGdrbzRqTnA2SVdBT2hhRGdJQkRWT2luXzdweUswM3pENUlFVHNENUd2eEpCclZMT1VCZWdXLV9JTmFJTXFIZFB5LU5qaHRNTkc3T080bEZoQ3dOTFUwVw?oc=5,New iPhone Model US Sales Data - First Results for iPhone 17 Air and its Pro and Base Siblings - CIRP - Apple Report,"<a href=""https://news.google.com/rss/articles/CBMieEFVX3lxTFBJRFdzdWpRR1VpNzlXZHVIcXhkemJmdFRRZGdrbzRqTnA2SVdBT2hhRGdJQkRWT2luXzdweUswM3pENUlFVHNENUd2eEpCclZMT1VCZWdXLV9JTmFJTXFIZFB5LU5qaHRNTkc3T080bEZoQ3dOTFUwVw?oc=5"" target=""_blank"">New iPhone Model US Sales Data - First Results for iPhone 17 Air and its Pro and Base Siblings</a>&nbsp;&nbsp;<font color=""#6f6f6f"">CIRP - Apple Report</font>",,,
Google RSS,2025-10-29T22:02:13.425458,iphone 17 air,https://news.google.com/rss/articles/CBMijgFBVV95cUxPdklvRkc2YlhBdW41c0VlN1pzQnNsM1c5NnJMX09Xblp4dURmN0lueUNVMFNuOUZnR1FFaTlld3pCSEJPZ1BLT01pejNYc1hKRGUzZ3ROUUExZ0U3TzhRdFZULUhhWVFwTDZyN1VnUWJsbnRfUHV3OGVsNkphU2NkcXdHSkxmSFEwR2tGU1N3?oc=5,Apple Reportedly Didn’t Reduce iPhone Air Production - The Mac Observer,"<a href=""https://news.google.com/rss/articles/CBMijgFBVV95cUxPdklvRkc2YlhBdW41c0VlN1pzQnNsM1c5NnJMX09Xblp4dURmN0lueUNVMFNuOUZnR1FFaTlld3pCSEJPZ1BLT01pejNYc1hKRGUzZ3ROUUExZ0U3TzhRdFZULUhhWVFwTDZyN1VnUWJsbnRfUHV3OGVsNkphU2NkcXdHSkxmSFEwR2tGU1N3?oc=5"" target=""_blank"">Apple Reportedly Didn’t Reduce iPhone Air Production</a>&nbsp;&nbsp;<font color=""#6f6f6f"">The Mac Observer</font>",,,
Google RSS,2025-10-29T22:02:13.425458,iphone 17 air,https://news.google.com/rss/articles/CBMif0FVX3lxTE8xY3pPQXoxZzVSaUJpTUtYYjBpUmtOcU13Z3pabEpTREI5WE4tOGo2MjhQRkFPVzBaM1V3QkZCVGdQOU5wQTBWbnRyVWVkbjExckx5RHlkYTNLSkV6bFJiVFVHNmtsTFQzeVZHcHhtRlRuM0xJRTVpLWdzTFMtYlU?oc=5,"Camera shootout: I compared iPhone 17, iPhone Air, and iPhone 17 Pro Max photos side-by-side - Mashable","<a href=""https://news.google.com/rss/articles/CBMif0FVX3lxTE8xY3pPQXoxZzVSaUJpTUtYYjBpUmtOcU13Z3pabEpTREI5WE4tOGo2MjhQRkFPVzBaM1V3QkZCVGdQOU5wQTBWbnRyVWVkbjExckx5RHlkYTNLSkV6bFJiVFVHNmtsTFQzeVZHcHhtRlRuM0xJRTVpLWdzTFMtYlU?oc=5"" target=""_blank"">Camera shootout: I compared iPhone 17, iPhone Air, and iPhone 17 Pro Max photos side-by-side</a>&nbsp;&nbsp;<font color=""#6f6f6f"">Mashable</font>",,,
Google RSS,2025-10-29T22:02:13.425458,iphone 17 air,https://news.google.com/rss/articles/CBMiSEFVX3lxTFBKMXBFdFEzSDUzclA2ZGhpWWNyYjY4NWNlWi1pOHB4U3pXUnUtNHFPbmVVdjYzbGtZZkVSTEtaY0wzUlhiN0NTdw?oc=5,iPhone Air - Apple,"<a href=""https://news.google.com/rss/articles/CBMiSEFVX3lxTFBKMXBFdFEzSDUzclA2ZGhpWWNyYjY4NWNlWi1pOHB4U3pXUnUtNHFPbmVVdjYzbGtZZkVSTEtaY0wzUlhiN0NTdw?oc=5"" target=""_blank"">iPhone Air</a>&nbsp;&nbsp;<font color=""#6f6f6f"">Apple</font>",,,
Google RSS,2025-10-29T22:02:13.425458,iphone 17 air,https://news.google.com/rss/articles/CBMibkFVX3lxTFBta2pEZ3JrZTI1UVFDVE8wOVU0UlF0bjdkU3VsakxWQWFSRk1TUmdqNEl2VW9ZY01iRDJuM0htelFzdmtSUUtxeUN5NW5pS0Y3R2V0LVRnQW1yN2Vmc044V0dvRHhNdVlocnd0ZUFB?oc=5,Weeklong iPhone Air Battery Test Says The Phone Lasts All Day - bgr.com,"<a href=""https://news.google.com/rss/articles/CBMibkFVX3lxTFBta2pEZ3JrZTI1UVFDVE8wOVU0UlF0bjdkU3VsakxWQWFSRk1TUmdqNEl2VW9ZY01iRDJuM0htelFzdmtSUUtxeUN5NW5pS0Y3R2V0LVRnQW1yN2Vmc044V0dvRHhNdVlocnd0ZUFB?oc=5"" target=""_blank"">Weeklong iPhone Air Battery Test Says The Phone Lasts All Day</a>&nbsp;&nbsp;<font color=""#6f6f6f"">bgr.com</font>",,,
Google RSS,2025-10-29T22:02:13.425458,iphone 17 air,https://news.google.com/rss/articles/CBMiywFBVV95cUxPYmliem1CLWNQVDVFQkVKaEthWG9KYmdSNFdrNk5MbWxtSWJ6TmJDdjBGYTR6M1diN0g0VzNlU18zYzZfQWVudk5WQWdGdDMtMXQtRVFPdWJBNUhwdHdlTW1kVlJmdUZQcDBIYWN1MlV2NGFQZTRUR0trZEtGWDlkd1ZHa2ZKYzVpNjF3bUpWOFVlaEx2Zng5b1R5ZkZycVV5MTJpNzlEZEt0eE4tQVNQc2lza1J2RlhMc0FmQnRvUmQ0OTlYbjQtdzVJYw?oc=5,Apple Denies iPhone Air Production Cut; New Report Reveals Real 2025 Forecast - Tech Times,"<a href=""https://news.google.com/rss/articles/CBMiywFBVV95cUxPYmliem1CLWNQVDVFQkVKaEthWG9KYmdSNFdrNk5MbWxtSWJ6TmJDdjBGYTR6M1diN0g0VzNlU18zYzZfQWVudk5WQWdGdDMtMXQtRVFPdWJBNUhwdHdlTW1kVlJmdUZQcDBIYWN1MlV2NGFQZTRUR0trZEtGWDlkd1ZHa2ZKYzVpNjF3bUpWOFVlaEx2Zng5b1R5ZkZycVV5MTJpNzlEZEt0eE4tQVNQc2lza1J2RlhMc0FmQnRvUmQ0OTlYbjQtdzVJYw?oc=5"" target=""_blank"">Apple Denies iPhone Air Production Cut; New Report Reveals Real 2025 Forecast</a>&nbsp;&nbsp;<font color=""#6f6f6f"">Tech Times</font>",,,
Google RSS,2025-10-29T22:02:13.425458,iphone 17 air,https://news.google.com/rss/articles/CBMilwFBVV95cUxPVm9kNHFDXzQ4RDlsZTRSaU5jQ0NKcTlQUTlDbzlEazltajFRN1IxUDhLcnBFdWpYUFlrSnJoNFV4My1ENTVXQ2swNlVDMkU1Z1ltNklLcVJxajIwVnYwbEU1aVR6eExsbnppd2p1SUNvTmhxY2tCTU5UdHUtZFBSdjE0QjBVaW1QWV84NW00QWdFVU9jM284?oc=5,Apple’s IPhone 17 Drives Record Quarter And $4 Trillion Milestone - Finimize,"<a href=""https://news.google.com/rss/articles/CBMilwFBVV95cUxPVm9kNHFDXzQ4RDlsZTRSaU5jQ0NKcTlQUTlDbzlEazltajFRN1IxUDhLcnBFdWpYUFlrSnJoNFV4My1ENTVXQ2swNlVDMkU1Z1ltNklLcVJxajIwVnYwbEU1aVR6eExsbnppd2p1SUNvTmhxY2tCTU5UdHUtZFBSdjE0QjBVaW1QWV84NW00QWdFVU9jM284?oc=5"" target=""_blank"">Apple’s IPhone 17 Drives Record Quarter And $4 Trillion Milestone</a>&nbsp;&nbsp;<font color=""#6f6f6f"">Finimize</font>",,,
Google RSS,2025-10-29T22:02:13.425458,iphone 17 air,https://news.google.com/rss/articles/CBMitAFBVV95cUxNOElGazNma0R5UHRlMVQ1MU1uTWQ2dDBOQkhPSE9aU1A0dHJYLVZER2plZU52RjZLLVRGNTJ4elBuUnQ2QmdwUUcxOWk3OEdoMmdOQmRTZGtuaGRoNDBkY0YwcVh5S2VqdXlOTG5lTXFFTmxaZ1licERIZEh5amNjbElobjRzeEhuYTFLX0dWcVJ4X3V1YWREUTQyeDVUOVhIdlFyRkNOWG1rdVpxLWZZV18xa0k?oc=5,"Apple’s iPhone 17 Pro Now Available Under Rs 72,000 on Amazon: Check Out The Deal - Tech - Mashable India","<a href=""https://news.google.com/rss/articles/CBMitAFBVV95cUxNOElGazNma0R5UHRlMVQ1MU1uTWQ2dDBOQkhPSE9aU1A0dHJYLVZER2plZU52RjZLLVRGNTJ4elBuUnQ2QmdwUUcxOWk3OEdoMmdOQmRTZGtuaGRoNDBkY0YwcVh5S2VqdXlOTG5lTXFFTmxaZ1licERIZEh5amNjbElobjRzeEhuYTFLX0dWcVJ4X3V1YWREUTQyeDVUOVhIdlFyRkNOWG1rdVpxLWZZV18xa0k?oc=5"" target=""_blank"">Apple’s iPhone 17 Pro Now Available Under Rs 72,000 on Amazon: Check Out The Deal - Tech</a>&nbsp;&nbsp;<font color=""#6f6f6f"">Mashable India</font>",,,
Google RSS,2025-10-29T22:02:13.425458,iphone 17 air,https://news.google.com/rss/articles/CBMiuwFBVV95cUxOcW43MFZEYlpHVWdlVW1CMGJubnVYV2Q4VFFwa0NQcnFSYVp6cGJNekp0dXZzVmhkdnJLTFVEX0REbGJqeVExbmxKdEgwbUEtYmtDYmM0cDk2dmxSa3ZFM1BQZGJoc0pXTkxueVJkSGJ0TEVaQkR6alNuQUhoRWkzd2ZvMVVxYXk5T2NyLS1KWGJKZHhqS3FSTDNPSVNfQ3BGeVVSTHcwQ2NQZjRrTzFUejVoWWUxQU5pWXFB?oc=5,Act fast! This carrier is offering the iPhone 17 for free ahead of Black Friday - Tom's Guide,"<a href=""https://news.google.com/rss/articles/CBMiuwFBVV95cUxOcW43MFZEYlpHVWdlVW1CMGJubnVYV2Q4VFFwa0NQcnFSYVp6cGJNekp0dXZzVmhkdnJLTFVEX0REbGJqeVExbmxKdEgwbUEtYmtDYmM0cDk2dmxSa3ZFM1BQZGJoc0pXTkxueVJkSGJ0TEVaQkR6alNuQUhoRWkzd2ZvMVVxYXk5T2NyLS1KWGJKZHhqS3FSTDNPSVNfQ3BGeVVSTHcwQ2NQZjRrTzFUejVoWWUxQU5pWXFB?oc=5"" target=""_blank"">Act fast! This carrier is offering the iPhone 17 for free ahead of Black Friday</a>&nbsp;&nbsp;<font color=""#6f6f6f"">Tom's Guide</font>",,,
Google RSS,2025-10-29T22:02:13.425458,iphone 17 air,https://news.google.com/rss/articles/CBMikwFBVV95cUxPbWI1SDZNTmxiX2NTcDU3RFNiTjFtWWVoSnY4cFI4NE5XaWZiNlJ3T0JRd0tfYldLMEs4TjJ4MU5lNVpudXkzUktUV3M3QVpoWGVPLUt6SXktUzBwa1hpR3d4SWZiLUhXdjNGdC1oYTZwbXVpb25BbmVnZmRGdkZjZlI3UnZQcms1Y3RnT2xpblc4U0k?oc=5,Apple Hits Historic $4T Valuation on iPhone 17 Success - Gadget Hacks,"<a href=""https://news.google.com/rss/articles/CBMikwFBVV95cUxPbWI1SDZNTmxiX2NTcDU3RFNiTjFtWWVoSnY4cFI4NE5XaWZiNlJ3T0JRd0tfYldLMEs4TjJ4MU5lNVpudXkzUktUV3M3QVpoWGVPLUt6SXktUzBwa1hpR3d4SWZiLUhXdjNGdC1oYTZwbXVpb25BbmVnZmRGdkZjZlI3UnZQcms1Y3RnT2xpblc4U0k?oc=5"" target=""_blank"">Apple Hits Historic $4T Valuation on iPhone 17 Success</a>&nbsp;&nbsp;<font color=""#6f6f6f"">Gadget Hacks</font>",,,
Google RSS,2025-10-29T22:02:13.425458,iphone 17 air,https://news.google.com/rss/articles/CBMirAFBVV95cUxPRlNoMmJ3eHNDb0xsWE1Pb1huX3ZaSjVGYjZTMVJKY1R2UkQzNWZwS3pTNlVOaUZnVkcteFAtcWQxVjhqQVQtY1BRZURXUmp4Y2EzZFkwUGJQVUNJVjA5TmZ4OHU5MTdRaUhmNmRZeG5qVmxQWkdPdG1neFJSZXcwQkZERnJtVmdkM1pPSXE1NVhnVURYdjBtLTdmaFBZdlA3aVBaV1lRYlE5NEx3?oc=5,T-Mobile is still giving away the iPhone 17 Pro for free - here's how to qualify - ZDNET,"<a href=""https://news.google.com/rss/articles/CBMirAFBVV95cUxPRlNoMmJ3eHNDb0xsWE1Pb1huX3ZaSjVGYjZTMVJKY1R2UkQzNWZwS3pTNlVOaUZnVkcteFAtcWQxVjhqQVQtY1BRZURXUmp4Y2EzZFkwUGJQVUNJVjA5TmZ4OHU5MTdRaUhmNmRZeG5qVmxQWkdPdG1neFJSZXcwQkZERnJtVmdkM1pPSXE1NVhnVURYdjBtLTdmaFBZdlA3aVBaV1lRYlE5NEx3?oc=5"" target=""_blank"">T-Mobile is still giving away the iPhone 17 Pro for free - here's how to qualify</a>&nbsp;&nbsp;<font color=""#6f6f6f"">ZDNET</font>",,,
Google RSS,2025-10-29T22:02:13.425458,iphone 17 air,https://news.google.com/rss/articles/CBMivgFBVV95cUxOZVg4dlMwVjJGN041U2ZwNHhNR2ZwNU1xZVNCWGRmWFpod0VTeXFhSVlNeHRpSW43U2E2TWQ4ZEdISU41UnlhMGVNWXZFUUdxMHNHMzh6X2VtZnU3d1R1S0FFUWllczhZZTR3d3gxbV9BRzRZZ2RIbHRtU0thUVV3U1p3Ty1JMkJSU1RtZHU3NHhPeU5oRW1HdWhOdndEMUhYRHdJeEU1VTRVX3Mzd19kazVXZ1NDSk9yQXNlWmln?oc=5,I just switched from iPhone 16 Pro Max to iPhone Air — what I like and what I don't - Tom's Guide,"<a href=""https://news.google.com/rss/articles/CBMivgFBVV95cUxOZVg4dlMwVjJGN041U2ZwNHhNR2ZwNU1xZVNCWGRmWFpod0VTeXFhSVlNeHRpSW43U2E2TWQ4ZEdISU41UnlhMGVNWXZFUUdxMHNHMzh6X2VtZnU3d1R1S0FFUWllczhZZTR3d3gxbV9BRzRZZ2RIbHRtU0thUVV3U1p3Ty1JMkJSU1RtZHU3NHhPeU5oRW1HdWhOdndEMUhYRHdJeEU1VTRVX3Mzd19kazVXZ1NDSk9yQXNlWmln?oc=5"" target=""_blank"">I just switched from iPhone 16 Pro Max to iPhone Air — what I like and what I don't</a>&nbsp;&nbsp;<font color=""#6f6f6f"">Tom's Guide</font>",,,
Google RSS,2025-10-29T22:02:13.425458,iphone 17 air,https://news.google.com/rss/articles/CBMimgFBVV95cUxQQ01iM3FCZ1NGMFdkNXNraE41d0ZkVDAtTWppZzJZMVRlRGRYYzNpVE1SbExEZS1iM2Zlbzc4QVIyZlpheHJ2YUJUWGp1ZFpGZ0p1Tk92WHp3UEllbmh0TlFjUHY5M2l6Vm5mZkxYN290UHZKVU9sZnBza2w3RVFTNENnMnVjRHhOY19qbU8tTGtOQXZmMktfTXd3?oc=5,"My iPhone Air Honeymoon Period Might Be Over Already | by Mark Ellis | Mac O’Clock | Oct, 2025 - Medium","<a href=""https://news.google.com/rss/articles/CBMimgFBVV95cUxQQ01iM3FCZ1NGMFdkNXNraE41d0ZkVDAtTWppZzJZMVRlRGRYYzNpVE1SbExEZS1iM2Zlbzc4QVIyZlpheHJ2YUJUWGp1ZFpGZ0p1Tk92WHp3UEllbmh0TlFjUHY5M2l6Vm5mZkxYN290UHZKVU9sZnBza2w3RVFTNENnMnVjRHhOY19qbU8tTGtOQXZmMktfTXd3?oc=5"" target=""_blank"">My iPhone Air Honeymoon Period Might Be Over Already | by Mark Ellis | Mac O’Clock | Oct, 2025</a>&nbsp;&nbsp;<font color=""#6f6f6f"">Medium</font>",,,
Google RSS,2025-10-29T22:02:13.425458,iphone 17 air,https://news.google.com/rss/articles/CBMiZEFVX3lxTE5sMnhmWkp0dkZQM1dqaW9IWlBXTnUxdjBJM2ZwVjluR3RlZ0h5dEZVcFBOYS0wc0dfWUdZMk15NzBGa2ZlOGR4M0I4MzJxU2ZldFg1REhySjh0am56VzdBV3BPcS3SAWpBVV95cUxPVW1LVS13MnJmTEk3UmF4eHRELW5mSFVnd1lndWQyM0tqaWdZTU84Mk5OUzdLcDltSi1qU0pidXR1Um1PVVd4ekQ4UkdFU0RfcHRnUmgxWDd2N2ZJOFFwME93eDdBZTNkVWJ3?oc=5,"I tested the Apple iPhone Air for a week, and I’m still not sure who should buy it - CNN","<a href=""https://news.google.com/rss/articles/CBMiZEFVX3lxTE5sMnhmWkp0dkZQM1dqaW9IWlBXTnUxdjBJM2ZwVjluR3RlZ0h5dEZVcFBOYS0wc0dfWUdZMk15NzBGa2ZlOGR4M0I4MzJxU2ZldFg1REhySjh0am56VzdBV3BPcS3SAWpBVV95cUxPVW1LVS13MnJmTEk3UmF4eHRELW5mSFVnd1lndWQyM0tqaWdZTU84Mk5OUzdLcDltSi1qU0pidXR1Um1PVVd4ekQ4UkdFU0RfcHRnUmgxWDd2N2ZJOFFwME93eDdBZTNkVWJ3?oc=5"" target=""_blank"">I tested the Apple iPhone Air for a week, and I’m still not sure who should buy it</a>&nbsp;&nbsp;<font color=""#6f6f6f"">CNN</font>",,,
Google RSS,2025-10-29T22:02:13.425458,iphone 17 air,https://news.google.com/rss/articles/CBMisAFBVV95cUxOODVpbFhiZ2RvbjZXTFVoMEJBdmd5WG9VTVk0a21VREh4SFBYakQ5b0E3X3BxcVNLbkRWZVBDT3pxeUZkQW1zZUZ0RUxhWXc2OG9VUWhjM1Q4N0xHLW9pSUU4ZnFsRjdMc2RSS0k5LW9nUWwySzN0aUZaajVxQTJMYWNMU0I1b1hXc2c4LUVlZjVmbnY4MkNWanVJMFR2dF9WOHhsYm9CWXBVZGdYdjJOUg?oc=5,"Introducing iPhone Air, a powerful new iPhone with a breakthrough design - Apple","<a href=""https://news.google.com/rss/articles/CBMisAFBVV95cUxOODVpbFhiZ2RvbjZXTFVoMEJBdmd5WG9VTVk0a21VREh4SFBYakQ5b0E3X3BxcVNLbkRWZVBDT3pxeUZkQW1zZUZ0RUxhWXc2OG9VUWhjM1Q4N0xHLW9pSUU4ZnFsRjdMc2RSS0k5LW9nUWwySzN0aUZaajVxQTJMYWNMU0I1b1hXc2c4LUVlZjVmbnY4MkNWanVJMFR2dF9WOHhsYm9CWXBVZGdYdjJOUg?oc=5"" target=""_blank"">Introducing iPhone Air, a powerful new iPhone with a breakthrough design</a>&nbsp;&nbsp;<font color=""#6f6f6f"">Apple</font>",,,
Google RSS,2025-10-29T22:02:13.425458,iphone 17 air,https://news.google.com/rss/articles/CBMimAFBVV95cUxON1pDV3FsVHVJa1pFVGt6MUxIQ2F5MGdUd2drN0JZbDBod1BrNE96Q2JnTTVHMVh6ZHlqLWJKQXUwWVZLMTVNOE5aVFd0cC1CTzYzTERxckVzZF8yT01oaGU4SFROU2xsbzhGbDMzZDhzay1adFl4WmFiUDE3b1JtTnNUa3BmRTlOQWZOc3NfZ1BTOWJPTi11eQ?oc=5,iPhone 17 vs iPhone Air: Which new iPhone should you buy? - Tom's Guide,"<a href=""https://news.google.com/rss/articles/CBMimAFBVV95cUxON1pDV3FsVHVJa1pFVGt6MUxIQ2F5MGdUd2drN0JZbDBod1BrNE96Q2JnTTVHMVh6ZHlqLWJKQXUwWVZLMTVNOE5aVFd0cC1CTzYzTERxckVzZF8yT01oaGU4SFROU2xsbzhGbDMzZDhzay1adFl4WmFiUDE3b1JtTnNUa3BmRTlOQWZOc3NfZ1BTOWJPTi11eQ?oc=5"" target=""_blank"">iPhone 17 vs iPhone Air: Which new iPhone should you buy?</a>&nbsp;&nbsp;<font color=""#6f6f6f"">Tom's Guide</font>",,,
Google RSS,2025-10-29T22:02:13.425458,iphone 17 air,https://news.google.com/rss/articles/CBMinwFBVV95cUxNQTgxdlZoNTFBV0NwdFhxYlhaS1laMU0yT3hYVVRxR3RLaFc5Rl82dEdCSHI1dlp2UVVCX1FWV19jbjR4TTFWVE02RzlHRngzRVhkeFNKZUxGQkM2eFlRMU5lTkxQNFFTTjNuYndRa3p6QzVDd1FOU29OekJOQlpVNzVHcjl6WUNfNl83V1hWQ2VYbXdGSnlCQmdUUkpGTVk?oc=5,Apple Hits $4 Trillion: iPhone 17 Sales Drive Historic Milestone - Gadget Hacks,"<a href=""https://news.google.com/rss/articles/CBMinwFBVV95cUxNQTgxdlZoNTFBV0NwdFhxYlhaS1laMU0yT3hYVVRxR3RLaFc5Rl82dEdCSHI1dlp2UVVCX1FWV19jbjR4TTFWVE02RzlHRngzRVhkeFNKZUxGQkM2eFlRMU5lTkxQNFFTTjNuYndRa3p6QzVDd1FOU29OekJOQlpVNzVHcjl6WUNfNl83V1hWQ2VYbXdGSnlCQmdUUkpGTVk?oc=5"" target=""_blank"">Apple Hits $4 Trillion: iPhone 17 Sales Drive Historic Milestone</a>&nbsp;&nbsp;<font color=""#6f6f6f"">Gadget Hacks</font>",,,
Google RSS,2025-10-29T22:02:13.425458,iphone 17 air,https://news.google.com/rss/articles/CBMikAFBVV95cUxPdVA3bEZVVUVzRUxFcGdjS2wtaEdxYnJLZHAxV1V3aWJlMjYyX0RBdHBPbWlBbzgzSExwTGhKQ0IwMDBlb1FuMXlmMTlOQTQweDBocmFTbjZKb3VLcVpaLUVxMG9CRVlRWkNWRUFTTzV5VzFrUm1ic0JoakpPb0lxZG1xN2lPRGpoSmVRSUZLT2k?oc=5,Some unfortunate news about the iPhone Air has surfaced - PhoneArena,"<a href=""https://news.google.com/rss/articles/CBMikAFBVV95cUxPdVA3bEZVVUVzRUxFcGdjS2wtaEdxYnJLZHAxV1V3aWJlMjYyX0RBdHBPbWlBbzgzSExwTGhKQ0IwMDBlb1FuMXlmMTlOQTQweDBocmFTbjZKb3VLcVpaLUVxMG9CRVlRWkNWRUFTTzV5VzFrUm1ic0JoakpPb0lxZG1xN2lPRGpoSmVRSUZLT2k?oc=5"" target=""_blank"">Some unfortunate news about the iPhone Air has surfaced</a>&nbsp;&nbsp;<font color=""#6f6f6f"">PhoneArena</font>",,,
Google RSS,2025-10-29T22:02:13.425458,iphone 17 air,https://news.google.com/rss/articles/CBMiogFBVV95cUxOYW9EYkVnU3RqZm9HRHNablcxemhpY3pQRlB3RkZBUE1yQ1pDOWpicV9ZQ2dPcGVSbkhaSm50VGxiS0hnQXpaeVNDM0lsODJITU42eFdGMXAyei02bkxsZGY5MHc0Zy11eFZXWWZ3X3BwM1JlZGRXQVh4enZqNmtjVzFfLUVOUFdZVnlzWFpNTjlibVl5b2EzRGRKaEdtZ0hEcnc?oc=5,iPhone Air review: Apple’s pursuit of absolute thinness - The Guardian,"<a href=""https://news.google.com/rss/articles/CBMiogFBVV95cUxOYW9EYkVnU3RqZm9HRHNablcxemhpY3pQRlB3RkZBUE1yQ1pDOWpicV9ZQ2dPcGVSbkhaSm50VGxiS0hnQXpaeVNDM0lsODJITU42eFdGMXAyei02bkxsZGY5MHc0Zy11eFZXWWZ3X3BwM1JlZGRXQVh4enZqNmtjVzFfLUVOUFdZVnlzWFpNTjlibVl5b2EzRGRKaEdtZ0hEcnc?oc=5"" target=""_blank"">iPhone Air review: Apple’s pursuit of absolute thinness</a>&nbsp;&nbsp;<font color=""#6f6f6f"">The Guardian</font>",,,
Google RSS,2025-10-29T22:02:13.425458,iphone 17 air,https://news.google.com/rss/articles/CBMiW0FVX3lxTFA4UzhpVk5uWTlSdjhrM3BuVUVubWtZTUxXM3dJcHhGTWVIVmVOTXU2Uy00TGIyeWZiY2sza1RBdjdzdGJ5bXlnWkNZY3kwZEJyYV91SmpHeC1LTXc?oc=5,iPhone Air review: two weeks with Apple's thinnest-ever iPhone - The Shortcut | Matt Swider,"<a href=""https://news.google.com/rss/articles/CBMiW0FVX3lxTFA4UzhpVk5uWTlSdjhrM3BuVUVubWtZTUxXM3dJcHhGTWVIVmVOTXU2Uy00TGIyeWZiY2sza1RBdjdzdGJ5bXlnWkNZY3kwZEJyYV91SmpHeC1LTXc?oc=5"" target=""_blank"">iPhone Air review: two weeks with Apple's thinnest-ever iPhone</a>&nbsp;&nbsp;<font color=""#6f6f6f"">The Shortcut | Matt Swider</font>",,,
Google RSS,2025-10-29T22:02:13.425458,iphone 17 air,https://news.google.com/rss/articles/CBMiR0FVX3lxTE1PY2xEU1FFcHlGd0dGQzVMTlRDVUZvb0stVUhUMVcwd3JXQnVnaWxtZGlVUmdpZXhNQXlQdWRPVkMyc1R4ZDJ3?oc=5,iPhone 17 - Apple,"<a href=""https://news.google.com/rss/articles/CBMiR0FVX3lxTE1PY2xEU1FFcHlGd0dGQzVMTlRDVUZvb0stVUhUMVcwd3JXQnVnaWxtZGlVUmdpZXhNQXlQdWRPVkMyc1R4ZDJ3?oc=5"" target=""_blank"">iPhone 17</a>&nbsp;&nbsp;<font color=""#6f6f6f"">Apple</font>",,,
Google RSS,2025-10-29T22:02:13.425458,iphone 17 air,https://news.google.com/rss/articles/CBMiaEFVX3lxTE9rSVRqRmZNYzhXMDQ1b2xheFE0WE1ORjdqVUdXa3hKOVU5UUdsWFRVUTVDSnVTWjhlaElDYS1aNWhnc2Z1ZkNaaFNfSU16R3NUUWVQU2lZLWpaMmJHNW1FMTRzOVlTMUxW?oc=5,7 new tips and tricks for your iPhone 17 or iPhone Air - Popular Science,"<a href=""https://news.google.com/rss/articles/CBMiaEFVX3lxTE9rSVRqRmZNYzhXMDQ1b2xheFE0WE1ORjdqVUdXa3hKOVU5UUdsWFRVUTVDSnVTWjhlaElDYS1aNWhnc2Z1ZkNaaFNfSU16R3NUUWVQU2lZLWpaMmJHNW1FMTRzOVlTMUxW?oc=5"" target=""_blank"">7 new tips and tricks for your iPhone 17 or iPhone Air</a>&nbsp;&nbsp;<font color=""#6f6f6f"">Popular Science</font>",,,
Google RSS,2025-10-29T22:02:13.425458,iphone 17 air,https://news.google.com/rss/articles/CBMiqwFBVV95cUxPbDNtSXpsWjNiaHZrQmpWT0loT1l6WDA1cVdWSHRvcnowQ1ktR1dYQVFianZOdHk3bDVQSW10OGJadHpSM2NiOUUtSlFBSm42UThHRFh3aFZ4NHVucUl0eUp0a3lrNHViTlBsU1VBZ0o5RGVmdThhRWVGd1JvSXVCb1BsSk42NG1wT25jd2ZxLWNTOUNSWlBvTzZRSU1xWEJIem14WGVLWnpZVVk?oc=5,Both real-life and lab tests suggest iPhone Air battery lasts a typical day - 9to5Mac,"<a href=""https://news.google.com/rss/articles/CBMiqwFBVV95cUxPbDNtSXpsWjNiaHZrQmpWT0loT1l6WDA1cVdWSHRvcnowQ1ktR1dYQVFianZOdHk3bDVQSW10OGJadHpSM2NiOUUtSlFBSm42UThHRFh3aFZ4NHVucUl0eUp0a3lrNHViTlBsU1VBZ0o5RGVmdThhRWVGd1JvSXVCb1BsSk42NG1wT25jd2ZxLWNTOUNSWlBvTzZRSU1xWEJIem14WGVLWnpZVVk?oc=5"" target=""_blank"">Both real-life and lab tests suggest iPhone Air battery lasts a typical day</a>&nbsp;&nbsp;<font color=""#6f6f6f"">9to5Mac</font>",,,
Google RSS,2025-10-29T22:02:13.425458,iphone 17 air,https://news.google.com/rss/articles/CBMie0FVX3lxTE82UUFRd3hkdEZ4Q2lWRHkyLUhRYWlWYWRUcXBXcUZJdHZndUdESGVqRzRUNUw0bnZZRXN6NlM4QU5VT2xHR2JXNVlaaUlkd05GQkRTejRJRG9XdTkzYTJSLUhZSUYxOTJqaVJURWVZZXpFc3NxcHRwVU5Baw?oc=5,iPhone Air Sales Split the Globe - Technology Org,"<a href=""https://news.google.com/rss/articles/CBMie0FVX3lxTE82UUFRd3hkdEZ4Q2lWRHkyLUhRYWlWYWRUcXBXcUZJdHZndUdESGVqRzRUNUw0bnZZRXN6NlM4QU5VT2xHR2JXNVlaaUlkd05GQkRTejRJRG9XdTkzYTJSLUhZSUYxOTJqaVJURWVZZXpFc3NxcHRwVU5Baw?oc=5"" target=""_blank"">iPhone Air Sales Split the Globe</a>&nbsp;&nbsp;<font color=""#6f6f6f"">Technology Org</font>",,,
Google RSS,2025-10-29T22:02:13.425458,iphone 17 air,https://news.google.com/rss/articles/CBMiW0FVX3lxTE0yaE03cFRYa0Q1Ny1QZjBjUEIyR291VFZjRDFyMXNhbXBUYXFHLThLSkNaSllxQUpUQWpYRUIzaWd6VXY1V0hGQldPMWFmSU5LTXIyQ25kZzJUU28?oc=5,The iPhone 17 Pro and Air are very skippable - Mashable,"<a href=""https://news.google.com/rss/articles/CBMiW0FVX3lxTE0yaE03cFRYa0Q1Ny1QZjBjUEIyR291VFZjRDFyMXNhbXBUYXFHLThLSkNaSllxQUpUQWpYRUIzaWd6VXY1V0hGQldPMWFmSU5LTXIyQ25kZzJUU28?oc=5"" target=""_blank"">The iPhone 17 Pro and Air are very skippable</a>&nbsp;&nbsp;<font color=""#6f6f6f"">Mashable</font>",,,
Yahoo News,2025-10-29T22:02:14.157848,iphone 17 air,https://r.search.yahoo.com/_ylt=Awr9.HzljgJpCwIA.tbQtDMD;_ylu=Y29sbwNncTEEcG9zAzEEdnRpZAMEc2VjA3Ny/RV=2/RE=1762984934/RO=10/RU=https%3a%2f%2ftech.yahoo.com%2fphones%2farticles%2fapple-iphone-air-review-gadget-100016346.html/RK=2/RS=hWqmiG2MiqFuu3Y8lZg2CjPSJt4-,Apple iPhone Air Review: My Gadget Of the Year,,,,
Yahoo News,2025-10-29T22:02:14.172861,iphone 17 air,https://r.search.yahoo.com/_ylt=Awr9.HzljgJpCwIA_dbQtDMD;_ylu=Y29sbwNncTEEcG9zAzIEdnRpZAMEc2VjA3Ny/RV=2/RE=1762984934/RO=10/RU=https%3a%2f%2fwww.bgr.com%2f2010858%2fiphone-air-weeklong-battery-test%2f/RK=2/RS=idLRPpXlndeoBKdVhX_RWf3KVEI-,Weeklong iPhone Air Battery Test Says The Phone Lasts All Day,,,,
Yahoo News,2025-10-29T22:02:14.172861,iphone 17 air,https://r.search.yahoo.com/_ylt=Awr9.HzljgJpCwIAANfQtDMD;_ylu=Y29sbwNncTEEcG9zAzMEdnRpZAMEc2VjA3Ny/RV=2/RE=1762984934/RO=10/RU=https%3a%2f%2fwww.ibtimes.com%2fapple-denies-iphone-air-production-cut-new-report-reveals-real-2025-forecast-3788783/RK=2/RS=.QF13yc8mSaro5t0Lf_2GtESw7k-,Apple Denies iPhone Air Production Cut; New Report Reveals Real 2025 Forecast,,,,
Yahoo News,2025-10-29T22:02:14.172861,iphone 17 air,https://r.search.yahoo.com/_ylt=Awr9.HzljgJpCwIAA9fQtDMD;_ylu=Y29sbwNncTEEcG9zAzQEdnRpZAMEc2VjA3Ny/RV=2/RE=1762984934/RO=10/RU=https%3a%2f%2fwww.phonearena.com%2fnews%2fsamsung-galaxy-s25-edge-ad-mocks-iphone-air_id175310/RK=2/RS=JknD16jxfyQFcoM_nXNkfRq_LzA-,"Samsung Galaxy S25 Edge ad mocks iPhone Air, hitting it right where it hurts",,,,
Yahoo News,2025-10-29T22:02:14.172861,iphone 17 air,https://r.search.yahoo.com/_ylt=Awr9.HzljgJpCwIABtfQtDMD;_ylu=Y29sbwNncTEEcG9zAzUEdnRpZAMEc2VjA3Ny/RV=2/RE=1762984934/RO=10/RU=https%3a%2f%2ftech.yahoo.com%2fphones%2farticles%2fapple-iphone-air-17-smartphone-180000683.html/RK=2/RS=Mfo9YWHhW7lOIMsUws42AewOZBI-,Apple iPhone Air 17 Smartphone Review,,,,
Yahoo News,2025-10-29T22:02:14.172861,iphone 17 air,https://r.search.yahoo.com/_ylt=Awr9.HzljgJpCwIACdfQtDMD;_ylu=Y29sbwNncTEEcG9zAzYEdnRpZAMEc2VjA3Ny/RV=2/RE=1762984934/RO=10/RU=https%3a%2f%2fwww.cnbc.com%2f2025%2f10%2f29%2fapples-iphone-air-sales-in-focus-at-q4-earnings.html/RK=2/RS=ZFRy7PwqTEoAw.Qo06FkQJtCKfo-,Apple's iPhone Air doesn't look like a bestseller. It might not matter,,,,
Yahoo News,2025-10-29T22:02:14.172861,iphone 17 air,https://r.search.yahoo.com/_ylt=Awr9.HzljgJpCwIADNfQtDMD;_ylu=Y29sbwNncTEEcG9zAzcEdnRpZAMEc2VjA3Ny/RV=2/RE=1762984934/RO=10/RU=https%3a%2f%2fwww.techspot.com%2fnews%2f110037-not-fast-latest-analysis-suggests-iphone-air-production.html/RK=2/RS=rHfVpq00qetbwIwnBUy7ND.MY_Q-,Not so fast: Latest analysis suggests iPhone Air production remains steady,,,,
Yahoo News,2025-10-29T22:02:14.172861,iphone 17 air,https://r.search.yahoo.com/_ylt=Awr9.HzljgJpCwIAD9fQtDMD;_ylu=Y29sbwNncTEEcG9zAzgEdnRpZAMEc2VjA3Ny/RV=2/RE=1762984934/RO=10/RU=https%3a%2f%2fwww.cnet.com%2ftech%2fmobile%2fiphone-air-vs-galaxy-s25-edge-how-top-thin-phones-compare%2f/RK=2/RS=raZMr59WelU_8U3tFyWjZyFkukw-,iPhone Air vs. Galaxy S25 Edge: How Top Thin Phones Compare,,,,
Yahoo News,2025-10-29T22:02:14.172861,iphone 17 air,https://r.search.yahoo.com/_ylt=Awr9.HzljgJpCwIAEtfQtDMD;_ylu=Y29sbwNncTEEcG9zAzkEdnRpZAMEc2VjA3Ny/RV=2/RE=1762984934/RO=10/RU=https%3a%2f%2fwww.gadgets360.com%2fmobiles%2fnews%2fiphone-air-demand-steady-no-production-cut-report-9531534/RK=2/RS=j6eR6CJPUX9qbckHsYnZ7zTVdxI-,"iPhone Air Demand Steady, No Production Cut Despite Earlier Claims: Report",,,,
Yahoo News,2025-10-29T22:02:14.172861,iphone 17 air,https://r.search.yahoo.com/_ylt=Awr9.HzljgJpCwIAFdfQtDMD;_ylu=Y29sbwNncTEEcG9zAzEwBHZ0aWQDBHNlYwNzcg--/RV=2/RE=1762984934/RO=10/RU=https%3a%2f%2fwww.bgr.com%2f2009135%2fiphone-air-flop-production-update%2f/RK=2/RS=5s4YvM9hNDpRrIXxuJ6PwybqQ8o-,iPhone Air May Not Be The Flop People Think It Is,,,,
